delivery_id,order_id,driver_id,vehicle_id,hub_id,dispatch_time,delivery_completed_at,delivery_status,route_distance_km,manual_route_override_count,proof_of_completion_missing,customer_rating_post_delivery,fuel_or_charge_cost,completion_missing_flag,actual_duration_hours,temporal_anomaly_flag,promised_window_hours,service_type,priority_level,pickup_zone,dropoff_zone,order_value,delay_hours,is_late
DL00001,O00938,D004,V056,H05,2024-06-18 10:57:00,2024-06-19 09:05:59.904311,Failed,17.26,1,0,3.07,12.05,0,22.149973419722222,0,6,Business,Medium,Central,Central,151.14,16.149973419722222,1
DL00002,O00004,D138,V007,H02,2025-01-11 18:45:00,2025-01-11 17:39:00.000000,OnTime,10.34,1,0,5.0,13.41,0,-1.1,1,2,Parcel,Medium,Riverside,North,10.04,0.0,0
DL00003,O00639,D006,V049,H02,2025-06-02 20:39:00,2025-06-02 21:45:32.366770,OnTime,7.92,0,0,4.98,8.51,0,1.1089907694444445,0,2,Medical,Medium,Central,North,141.93,0.0,0
DL00004,O00313,D116,V055,H02,2024-03-08 23:31:00,2024-03-09 23:30:08.103702,Delayed,16.42,0,0,4.18,13.62,0,23.985584361666664,0,24,Medical,Low,South,North,11.11,0.0,0
DL00005,O00844,D108,V034,H01,2025-09-21 11:43:00,2025-09-21 15:45:34.131056,OnTime,14.52,1,0,4.18,9.22,0,4.042814182222222,0,6,Medical,High,Riverside,Riverside,76.02,0.0,0
DL00006,O00029,D037,V098,H03,2024-09-11 12:40:00,2024-09-12 17:11:52.384869,Delayed,13.84,0,0,1.57,9.58,0,28.531218019166666,0,24,Medical,Medium,East,Central,190.94,4.531218019166666,1
DL00007,O00097,D151,V037,H07,2024-01-09 13:41:00,2024-01-10 23:39:11.072850,Delayed,32.72,0,0,4.64,17.7,0,33.969742458333336,0,24,Parcel,Medium,Airport,Airport,72.64,9.969742458333336,1
DL00008,O00207,D082,V066,H03,2024-08-22 21:34:00,2024-08-22 23:22:21.531162,OnTime,7.16,1,0,3.76,11.66,0,1.8059808783333333,0,6,Business,Medium,Central,Riverside,80.33,0.0,0
DL00009,O00297,D088,V029,H05,2024-04-12 21:33:00,2024-04-13 01:18:52.673288,OnTime,40.23,1,0,3.7,15.78,0,3.7646314688888887,0,6,Passenger,Low,Airport,Riverside,151.53,0.0,0
DL00010,O00836,D058,V057,H08,2025-09-22 19:09:00,2025-09-23 01:15:29.151459,Failed,9.85,1,0,3.2,9.31,0,6.1080976275,0,6,Passenger,Low,South,North,45.9,0.10809762750000029,1
DL00011,O00202,D074,V117,H04,2024-02-02 03:09:00,2024-02-02 02:29:05.367622,OnTime,13.85,0,0,4.36,15.17,0,-0.6651756605555555,1,1,Passenger,Low,South,West,20.68,0.0,0
DL00012,O01207,D051,V017,H05,2024-12-26 19:41:00,2024-12-27 09:26:05.387672,Failed,16.96,3,0,3.03,16.98,0,13.751496575555555,0,6,Business,Medium,Central,Riverside,321.68,7.751496575555555,1
DL00013,O01031,D105,V085,H04,2025-01-26 08:29:00,2025-01-26 10:33:30.834127,OnTime,6.01,2,0,3.96,11.52,0,2.0752317019444444,0,6,Business,Medium,East,Central,80.04,0.0,0
DL00014,O00725,D102,V008,H05,2024-05-07 12:40:00,2024-05-07 20:50:43.795700,OnTime,16.46,0,0,3.67,11.74,0,8.178832138888888,0,12,Passenger,Medium,East,West,61.87,0.0,0
DL00015,O00394,D067,V056,H04,2024-08-16 22:47:00,2024-08-17 08:15:56.080634,OnTime,26.58,3,0,4.47,21.64,0,9.482244620555555,0,12,Retail,Medium,Airport,West,71.08,0.0,0
DL00016,O01220,D010,V091,H08,2025-06-12 01:47:00,2025-06-12 04:51:00.780258,OnTime,18.25,1,0,5.0,12.61,0,3.066883405,0,6,Passenger,High,West,Airport,76.75,0.0,0
DL00017,O01249,D002,V008,H05,2024-08-25 18:26:00,2024-08-26 03:05:42.086626,Delayed,20.79,0,0,1.0,15.62,0,8.661690729444445,0,1,Medical,High,Central,Riverside,188.73,7.6616907294444445,1
DL00018,O00611,D011,V001,H01,2025-07-29 10:52:00,2025-07-29 09:54:19.874248,OnTime,13.67,0,0,4.46,16.18,0,-0.9611460422222222,1,2,Retail,Low,West,West,132.01,0.0,0
DL00019,O01167,D026,V004,H06,2024-06-25 23:58:00,2024-06-26 07:52:41.272083,OnTime,16.35,4,0,4.97,13.97,0,7.9114644675,0,6,Parcel,Low,Central,East,103.78,1.9114644675,1
DL00020,O00054,D157,V065,H01,2025-03-29 12:59:00,2025-03-29 14:40:37.791408,OnTime,24.31,0,0,4.15,12.61,0,1.6938309466666668,0,4,Medical,Low,North,North,54.41,0.0,0
DL00021,O00250,D117,V081,H08,2025-04-24 14:20:00,2025-04-25 11:20:52.916514,OnTime,9.77,4,0,4.07,6.43,0,21.014699031666666,0,24,Passenger,Medium,Central,North,9.42,0.0,0
DL00022,O01027,D088,V011,H07,2025-08-24 00:21:00,2025-08-24 04:25:39.715444,Failed,15.81,0,0,3.5,15.62,0,4.077698734444445,0,4,Parcel,Medium,East,Central,97.55,0.07769873444444464,1
DL00023,O00768,D046,V021,H08,2025-06-12 01:16:00,2025-06-12 02:37:11.392658,OnTime,4.29,1,0,5.0,2.5,0,1.3531646272222222,0,4,Retail,Medium,Central,West,69.17,0.0,0
DL00024,O01054,D045,V029,H02,2025-08-19 14:33:00,2025-08-19 18:11:44.601237,OnTime,8.58,0,0,4.78,14.62,0,3.6457225658333337,0,4,Retail,Medium,South,Airport,260.15,0.0,0
DL00025,O00288,D130,V098,H04,2025-09-08 19:57:00,2025-09-08 22:37:15.665186,OnTime,7.41,0,0,5.0,7.2,0,2.6710181072222223,0,4,Medical,Low,South,Central,56.47,0.0,0
DL00026,O00906,D092,V055,H04,2025-02-04 11:16:00,2025-02-06 01:48:45.831712,Failed,14.27,2,0,2.23,10.04,0,38.54606436444445,0,24,Passenger,High,West,Riverside,133.71,14.546064364444447,1
DL00027,O00827,D057,V054,H02,2024-01-01 03:20:00,2024-01-02 00:13:30.937528,OnTime,13.27,0,0,4.15,9.05,0,20.89192709111111,0,24,Medical,Medium,East,South,19.26,0.0,0
DL00028,O00087,D165,V022,H08,2024-11-12 15:52:00,2024-11-13 04:15:00.393100,Delayed,15.53,2,0,2.7,13.05,0,12.383442527777778,0,4,Business,Critical,South,North,56.73,8.383442527777778,1
DL00029,O00723,D126,V086,H07,2024-05-15 06:49:00,2024-05-15 04:38:00.000000,OnTime,9.43,1,0,3.72,8.72,0,-2.183333333333333,1,1,Passenger,Low,North,Central,94.32,0.0,0
DL00030,O00780,D034,V068,H03,2024-06-16 18:57:00,2024-06-16 19:22:12.494298,OnTime,7.71,1,0,4.1,16.42,0,0.420137305,0,1,Parcel,Medium,West,North,80.48,0.0,0
DL00031,O00830,D037,V061,H01,2025-07-23 23:32:00,2025-07-23 23:21:38.152021,OnTime,12.06,0,0,4.1,14.98,0,-0.17273554972222221,1,2,Passenger,High,South,South,71.2,0.0,0
DL00032,O00010,D045,V010,H08,2025-01-29 02:58:00,2025-01-29 05:57:46.344204,OnTime,15.58,1,0,4.23,13.75,0,2.9962067233333336,0,6,Retail,Low,South,North,34.55,0.0,0
DL00033,O00885,D041,V075,H06,2024-11-17 14:01:00,2024-11-19 06:51:25.201294,Failed,11.72,0,1,4.13,18.12,0,40.840333692777776,0,24,Medical,Critical,Riverside,Central,125.38,16.840333692777776,1
DL00034,O01081,D157,V110,H04,2025-06-18 12:01:00,2025-06-19 05:14:57.054608,Delayed,14.68,0,0,4.4,9.44,0,17.232515168888888,0,2,Medical,Critical,West,Airport,10.07,15.232515168888888,1
DL00035,O00275,D015,V038,H07,2025-05-21 21:35:00,2025-05-22 01:56:14.948650,OnTime,22.05,0,0,4.96,14.78,0,4.354152402777778,0,6,Business,Medium,South,East,142.68,0.0,0
DL00036,O00652,D158,V106,H06,2024-11-08 22:14:00,2024-11-09 04:09:12.967657,OnTime,15.77,1,0,4.35,13.68,0,5.920268793611111,0,4,Retail,Medium,South,West,35.54,1.9202687936111111,1
DL00037,O00185,D010,V113,H05,2025-05-15 02:24:00,2025-05-16 02:10:07.723523,OnTime,23.49,1,0,4.21,11.21,0,23.76881208972222,0,24,Retail,Low,East,Central,62.26,0.0,0
DL00038,O00727,D096,V002,H02,2025-10-26 15:31:00,2025-10-26 16:43:11.478296,Failed,8.82,2,0,3.43,13.21,0,1.2031884155555557,0,2,Business,Medium,South,South,85.0,0.0,0
DL00039,O00542,D090,V034,H08,2025-07-26 15:58:00,2025-07-27 04:22:45.664955,Failed,17.13,1,0,2.51,16.3,0,12.412684709722223,0,4,Passenger,Low,Central,East,76.58,8.412684709722223,1
DL00040,O00919,D027,V036,H04,2025-02-01 08:38:00,2025-02-02 04:04:35.282288,Failed,9.53,1,0,1.68,11.11,0,19.44313396888889,0,4,Retail,Low,Riverside,North,229.93,15.44313396888889,1
DL00041,O00750,D100,V057,H08,2024-02-01 08:58:00,2024-02-01 19:53:37.396269,Failed,15.88,3,1,2.94,13.19,0,10.927054519166665,0,6,Retail,Low,North,South,62.8,4.927054519166665,1
DL00042,O00009,D146,V020,H01,2024-10-04 01:05:00,2024-10-04 10:49:54.333414,OnTime,12.02,0,0,4.45,11.41,0,9.748425948333333,0,12,Retail,Critical,North,East,78.93,0.0,0
DL00043,O00453,D110,V039,H07,2024-12-04 15:46:00,2024-12-04 20:31:28.589644,OnTime,11.94,0,0,4.24,11.81,0,4.757941567777777,0,6,Retail,Medium,South,West,27.48,0.0,0
DL00044,O00147,D049,V020,H01,2024-07-12 09:47:00,2024-07-12 12:20:42.900637,OnTime,4.63,0,0,4.34,12.87,0,2.5619168436111113,0,6,Retail,Critical,North,West,32.27,0.0,0
DL00045,O00924,D157,V051,H08,2025-11-07 00:32:00,2025-11-07 21:03:01.572726,OnTime,10.61,1,0,5.0,14.13,0,20.517103535,0,24,Retail,Low,West,Central,44.93,0.0,0
DL00046,O00101,D088,V046,H05,2025-10-30 07:35:00,2025-10-31 06:59:41.392827,OnTime,5.53,2,0,3.09,11.27,0,23.4114980075,0,24,Parcel,Low,West,West,42.02,0.0,0
DL00047,O00263,D045,V091,H06,2024-02-19 04:07:00,2024-02-19 03:46:04.685358,OnTime,16.33,0,0,5.0,10.25,0,-0.34869851166666666,1,2,Parcel,Low,West,Central,63.35,0.0,0
DL00048,O00358,D045,V093,H05,2024-03-20 13:40:00,2024-03-20 18:11:50.892104,Delayed,7.37,0,0,3.33,14.67,0,4.530803362222223,0,4,Passenger,Low,Riverside,Central,94.51,0.5308033622222226,1
DL00049,O01076,D091,V018,H02,2024-09-29 01:23:00,2024-09-29 07:46:30.295652,OnTime,12.55,0,0,3.52,6.93,0,6.391748792222223,0,6,Business,Critical,South,Airport,46.37,0.3917487922222227,1
DL00050,O00534,D065,V046,H06,2025-09-05 05:03:00,2025-09-05 03:24:00.000000,OnTime,26.85,0,0,5.0,14.34,0,-1.65,1,2,Parcel,Critical,Airport,Central,188.05,0.0,0
DL00051,O00785,D150,V055,H07,2025-12-31 17:27:00,2025-12-31 18:05:52.415764,OnTime,8.02,0,0,4.31,14.59,0,0.6478932677777778,0,4,Passenger,High,East,Central,98.07,0.0,0
DL00052,O00554,D168,V020,H08,2025-05-06 10:37:00,2025-05-06 20:57:25.303009,Delayed,26.380000000000003,1,1,2.52,24.54,0,10.340361946944446,0,2,Medical,High,Airport,Riverside,129.89,8.340361946944446,1
DL00053,O00302,D018,V099,H01,2025-07-10 18:38:00,2025-07-11 17:06:29.590655,OnTime,14.14,0,0,3.63,10.32,0,22.474886293055558,0,24,Retail,High,Riverside,Central,228.25,0.0,0
DL00054,O01044,D117,V079,H01,2025-02-14 07:41:00,2025-02-14 20:37:54.180405,Delayed,29.8,1,0,4.7,22.28,0,12.948383445833333,0,12,Retail,Low,Airport,Riverside,70.39,0.9483834458333327,1
DL00055,O00819,D069,V018,H04,2025-04-28 21:37:00,2025-04-29 04:45:04.624638,Delayed,35.07,5,1,2.78,22.2,0,7.134617955,0,4,Retail,Low,Airport,West,93.02,3.1346179550000004,1
DL00056,O00698,D137,V081,H08,2024-10-22 21:45:00,2024-10-22 22:00:19.303026,OnTime,13.46,2,0,4.01,6.52,0,0.2553619516666667,0,2,Medical,High,South,Central,179.24,0.0,0
DL00057,O00921,D141,V077,H04,2024-12-09 10:53:00,2024-12-09 20:18:39.821307,Failed,10.91,0,0,1.22,6.59,0,9.427728140833333,0,4,Retail,Medium,East,Central,198.22,5.427728140833333,1
DL00058,O01062,D125,V082,H02,2024-10-26 18:46:00,2024-10-26 22:22:57.920354,OnTime,15.33,0,0,5.0,7.95,0,3.616088987222222,0,4,Medical,Medium,East,Central,128.73,0.0,0
DL00059,O00521,D027,V088,H05,2025-11-26 14:07:00,2025-11-26 18:49:47.422787,Delayed,36.28,3,0,3.11,17.45,0,4.713172996388889,0,1,Parcel,High,Airport,South,76.48,3.713172996388889,1
DL00060,O00236,D005,V026,H02,2024-11-26 16:01:00,,Delayed,13.92,1,1,2.35,9.48,1,,0,2,Business,Medium,East,South,118.24,0.0,0
DL00061,O00635,D083,V059,H08,2024-12-06 06:18:00,2024-12-06 05:02:21.529834,OnTime,10.51,1,0,3.8,10.6,0,-1.2606861572222223,1,2,Parcel,Low,Central,North,73.66,0.0,0
DL00062,O00567,D061,V007,H02,2024-02-24 16:31:00,2024-02-25 15:31:54.277282,OnTime,1.2,0,0,5.0,7.32,0,23.015077022777778,0,24,Retail,Low,South,Riverside,33.6,0.0,0
DL00063,O00931,D154,V094,H03,2024-03-07 11:20:00,2024-03-07 15:02:37.855092,OnTime,15.95,0,0,5.0,14.6,0,3.710515303333333,0,4,Parcel,High,North,North,70.8,0.0,0
DL00064,O01236,D075,V004,H03,2025-05-30 00:35:00,2025-05-30 23:36:22.924966,Delayed,10.36,0,0,2.34,7.13,0,23.02303471277778,0,12,Business,Low,South,Airport,156.71,11.023034712777779,1
DL00065,O01234,D050,V065,H01,2024-02-24 01:55:00,2024-02-24 01:52:27.078194,OnTime,1.67,1,0,4.63,6.2,0,-0.04247827944444445,1,2,Parcel,Medium,West,North,119.86,0.0,0
DL00066,O00568,D118,V083,H01,2025-12-19 20:41:00,2025-12-20 00:15:32.806881,OnTime,22.39,0,0,4.03,18.25,0,3.5757796891666667,0,6,Passenger,Medium,Central,Riverside,119.95,0.0,0
DL00067,O00842,D152,V023,H01,2025-07-04 04:43:00,2025-07-04 14:29:14.573095,OnTime,12.34,1,0,4.61,11.04,0,9.77071474861111,0,12,Retail,Low,Central,East,153.82,0.0,0
DL00068,O00828,D104,V046,H08,2024-02-19 15:15:00,2024-02-21 03:47:37.311854,Failed,19.75,1,0,3.73,16.14,0,36.543697737222224,0,24,Passenger,Low,West,West,61.71,12.543697737222224,1
DL00069,O01039,D010,V074,H07,2025-05-01 11:46:00,2025-05-01 19:43:03.174703,Failed,16.76,1,0,4.17,10.73,0,7.950881861944445,0,6,Passenger,Low,West,Riverside,84.17,1.9508818619444446,1
DL00070,O00370,D018,V036,H07,2024-11-21 18:37:00,2024-11-21 21:57:39.434015,OnTime,16.35,0,0,4.64,18.11,0,3.344287226388889,0,4,Parcel,High,South,South,74.04,0.0,0
DL00071,O00796,D093,V080,H02,2025-01-28 06:57:00,2025-01-28 22:41:11.982767,Delayed,20.37,1,0,3.57,18.14,0,15.736661879722222,0,6,Business,High,Central,North,209.05,9.736661879722222,1
DL00072,O00402,D110,V027,H05,2025-11-20 06:20:00,2025-11-20 19:21:38.642714,Delayed,28.51,0,0,3.28,15.11,0,13.02740075388889,0,4,Retail,Medium,West,East,121.87,9.02740075388889,1
DL00073,O00421,D141,V092,H08,2025-07-23 07:06:00,2025-07-24 05:47:40.524208,OnTime,19.34,3,0,4.68,17.54,0,22.694590057777777,0,24,Parcel,Medium,Riverside,East,37.25,0.0,0
DL00074,O01195,D030,V092,H04,2025-01-04 08:41:00,2025-01-05 00:01:18.848212,Failed,17.61,1,0,4.42,14.79,0,15.338568947777777,0,2,Retail,Medium,Airport,Central,94.26,13.338568947777777,1
DL00075,O01239,D169,V047,H02,2024-08-06 04:24:00,2024-08-06 05:22:04.347228,OnTime,13.25,3,0,3.24,11.94,0,0.9678742300000001,0,2,Retail,Medium,South,West,57.51,0.0,0
DL00076,O00815,D120,V004,H01,2024-02-25 17:02:00,2024-02-26 17:44:41.639612,OnTime,27.51,3,0,5.0,15.16,0,24.71156655888889,0,24,Parcel,High,Airport,Airport,216.89,0.7115665588888902,1
DL00077,O01040,D094,V067,H04,2025-12-27 22:16:00,2025-12-28 11:51:46.015071,Delayed,32.97,3,0,2.81,18.07,0,13.5961152975,0,4,Passenger,Medium,Airport,Central,59.93,9.5961152975,1
DL00078,O00173,D144,V088,H02,2025-02-18 08:26:00,2025-02-19 03:34:49.179226,Failed,10.92,1,0,2.87,9.05,0,19.14699422944444,0,2,Passenger,Critical,Central,Central,249.32,17.14699422944444,1
DL00079,O00920,D009,V102,H08,2024-08-01 12:06:00,2024-08-01 23:56:00.561663,OnTime,7.18,0,0,4.91,12.79,0,11.833489350833334,0,12,Passenger,Low,Riverside,East,74.71,0.0,0
DL00080,O01137,D030,V022,H04,2025-10-14 08:21:00,2025-10-14 08:32:00.000000,OnTime,16.29,0,0,4.42,14.17,0,0.18333333333333332,0,2,Passenger,Medium,South,Central,101.93,0.0,0
DL00081,O00716,D166,V056,H04,2024-10-22 06:38:00,2024-10-22 19:18:42.594052,Delayed,9.77,1,1,3.58,12.68,0,12.678498347777778,0,6,Passenger,Medium,East,North,5.92,6.6784983477777775,1
DL00082,O00669,D008,V048,H03,2025-07-15 15:38:00,2025-07-16 00:44:17.490179,OnTime,3.98,1,0,4.76,5.86,0,9.104858383055555,0,12,Parcel,Critical,North,East,80.79,0.0,0
DL00083,O00451,D053,V043,H05,2025-02-15 18:28:00,2025-02-16 13:33:28.440507,Delayed,2.13,0,0,1.44,11.27,0,19.091233474166668,0,12,Retail,Critical,East,Riverside,97.23,7.091233474166668,1
DL00084,O00784,D063,V117,H05,2025-03-07 03:24:00,2025-03-08 07:43:35.335286,Failed,6.83,0,0,3.63,9.07,0,28.32648202388889,0,12,Passenger,Low,East,South,21.26,16.32648202388889,1
DL00085,O00160,D127,V032,H06,2024-08-20 19:18:00,,OnTime,9.49,5,0,3.85,16.32,1,,0,6,Parcel,High,Central,East,68.1,0.0,0
DL00086,O01013,D159,V063,H02,2025-08-22 17:32:00,2025-08-22 19:39:11.266878,OnTime,17.4,0,0,3.75,12.23,0,2.119796355,0,4,Passenger,Low,Central,North,76.79,0.0,0
DL00087,O00630,D034,V099,H07,2025-03-28 15:08:00,2025-03-28 15:28:40.004969,OnTime,17.98,0,0,4.11,13.23,0,0.34444582472222224,0,2,Retail,Low,Central,Central,86.61,0.0,0
DL00088,O00657,D088,V043,H04,2024-02-28 23:43:00,2024-02-29 03:16:11.448581,OnTime,5.99,0,0,4.43,2.5,0,3.553180161388889,0,6,Passenger,Low,South,Central,155.89,0.0,0
DL00089,O00241,D010,V112,H03,2025-04-01 15:27:00,2025-04-01 20:28:34.310529,Failed,8.27,0,0,2.56,6.94,0,5.026197369166666,0,2,Parcel,Low,West,North,99.3,3.026197369166666,1
DL00090,O01097,D027,V065,H04,2024-07-14 23:21:00,2024-07-15 09:00:31.809183,OnTime,33.86,3,0,4.76,24.2,0,9.658835884166667,0,12,Retail,Low,Airport,North,59.58,0.0,0
DL00091,O00941,D116,V044,H04,2024-08-12 15:04:00,2024-08-12 14:48:31.759538,OnTime,14.47,0,0,5.0,10.57,0,-0.2578445727777778,1,1,Passenger,High,West,West,110.52,0.0,0
DL00092,O00736,D105,V016,H01,2024-01-25 00:39:00,2024-01-25 10:47:51.400345,OnTime,7.66,1,0,4.72,8.17,0,10.147611206944445,0,12,Parcel,Medium,Central,East,78.13,0.0,0
DL00093,O00579,D028,V032,H05,2025-09-05 12:14:00,2025-09-05 12:49:10.392527,OnTime,19.68,3,0,3.69,18.64,0,0.5862201463888889,0,4,Medical,Low,Airport,South,24.91,0.0,0
DL00094,O01026,D034,V012,H04,2025-05-26 22:56:00,2025-05-27 09:41:42.033675,Delayed,4.66,0,0,3.72,16.6,0,10.761676020833333,0,1,Business,High,West,Central,20.25,9.761676020833333,1
DL00095,O00416,D031,V005,H08,2024-01-07 23:00:00,2024-01-07 21:37:11.579245,OnTime,28.69,1,0,5.0,13.48,0,-1.380116876388889,1,2,Medical,High,Airport,Airport,26.83,0.0,0
DL00096,O00961,D077,V110,H01,2025-03-18 16:23:00,,Delayed,1.2,0,0,3.24,2.61,1,,0,4,Parcel,Medium,Central,Airport,168.98,0.0,0
DL00097,O00794,D170,V109,H07,2024-07-16 22:51:00,2024-07-18 01:52:17.414330,Failed,10.54,1,0,3.58,3.56,0,27.021503980555554,0,12,Retail,Low,Central,Airport,154.5,15.021503980555554,1
DL00098,O00631,D004,V072,H07,2025-07-05 09:16:00,2025-07-05 15:47:44.173074,Failed,3.86,1,0,4.43,15.58,0,6.528936965,0,2,Business,Low,South,Riverside,47.21,4.528936965,1
DL00099,O00835,D127,V093,H01,2024-05-26 18:57:00,2024-05-26 21:53:38.872935,OnTime,5.6,2,0,4.75,13.26,0,2.944131370833333,0,6,Passenger,Medium,South,Airport,51.0,0.0,0
DL00100,O00205,D120,V097,H05,2025-02-05 16:42:00,2025-02-06 07:09:53.748167,Failed,8.64,0,0,3.14,13.47,0,14.464930046388888,0,6,Parcel,Medium,North,South,63.36,8.464930046388888,1
DL00101,O00354,D141,V115,H06,2025-12-02 18:06:00,2025-12-02 19:18:47.006775,OnTime,21.63,0,0,4.12,14.3,0,1.2130574375,0,2,Parcel,Low,East,Riverside,78.37,0.0,0
DL00102,O00578,D031,V022,H02,2024-03-04 09:56:00,2024-03-04 13:51:57.810092,Delayed,9.18,0,0,3.08,11.31,0,3.9327250255555555,0,4,Retail,High,Central,Central,18.53,0.0,0
DL00103,O00269,D004,V036,H04,2024-12-01 01:20:00,2024-12-01 21:58:15.862002,Failed,6.26,2,0,2.24,9.31,0,20.637739444999998,0,6,Passenger,Medium,North,Riverside,19.29,14.637739444999998,1
DL00104,O00390,D102,V111,H06,2024-03-06 12:50:00,2024-03-06 20:08:19.088413,OnTime,8.75,0,0,4.45,7.5,0,7.305302336944445,0,6,Passenger,Medium,North,North,42.46,1.305302336944445,1
DL00105,O00596,D020,V043,H01,2025-10-02 04:09:00,2025-10-02 10:54:51.626370,OnTime,18.52,0,0,3.73,20.45,0,6.764340658333333,0,12,Parcel,Low,South,East,119.64,0.0,0
DL00106,O00039,D040,V015,H05,2025-08-01 08:30:00,2025-08-01 12:18:45.005907,OnTime,18.02,0,0,4.92,15.57,0,3.8125016408333336,0,6,Parcel,Low,East,Riverside,54.85,0.0,0
DL00107,O00175,D120,V074,H05,2025-12-19 20:22:00,2025-12-19 21:26:01.755844,OnTime,6.47,1,0,4.69,8.8,0,1.0671544011111112,0,4,Business,High,Riverside,West,150.9,0.0,0
DL00108,O00620,D084,V009,H06,2024-11-08 01:38:00,2024-11-08 03:02:54.779512,OnTime,13.73,1,0,4.73,17.52,0,1.4152165311111111,0,2,Retail,Low,South,West,27.57,0.0,0
DL00109,O00019,D014,V083,H05,2024-03-31 09:02:00,2024-03-31 12:20:28.945640,OnTime,16.7,1,0,3.52,16.91,0,3.3080404555555556,0,6,Passenger,Low,North,Central,56.26,0.0,0
DL00110,O00045,D024,V042,H03,2024-02-13 21:24:00,2024-02-14 01:15:37.449725,OnTime,14.39,1,0,4.74,8.64,0,3.860402701388889,0,6,Parcel,Critical,South,Airport,56.64,0.0,0
DL00111,O00105,D081,V090,H06,2024-07-09 23:17:00,2024-07-09 22:43:25.075981,OnTime,18.8,0,0,5.0,20.02,0,-0.5597011163888889,1,4,Passenger,High,North,East,18.19,0.0,0
DL00112,O00848,D068,V049,H05,2025-06-03 14:51:00,2025-06-03 20:37:51.660691,OnTime,10.88,3,0,3.68,8.03,0,5.781016858611111,0,6,Business,High,North,South,27.71,0.0,0
DL00113,O00607,D072,V083,H05,2025-08-30 19:15:00,2025-08-31 06:58:55.972500,OnTime,7.42,0,0,2.94,15.7,0,11.732214583333334,0,12,Parcel,Low,West,West,219.79,0.0,0
DL00114,O01196,D074,V114,H02,2024-04-12 03:31:00,2024-04-12 20:47:55.665668,Delayed,16.99,0,0,2.62,19.44,0,17.282129352222224,0,4,Parcel,Low,South,East,79.58,13.282129352222224,1
DL00115,O01132,D030,V116,H04,2025-05-04 01:04:00,2025-05-04 01:53:19.398895,OnTime,18.75,1,0,4.35,8.08,0,0.822055248611111,0,2,Business,Low,South,Riverside,81.66,0.0,0
DL00116,O00121,D023,V047,H06,2025-10-14 13:45:00,2025-10-15 08:06:51.715228,Delayed,19.9,0,0,2.92,21.64,0,18.36436534111111,0,6,Parcel,Medium,East,North,75.67,12.36436534111111,1
DL00117,O00559,D080,V119,H06,2025-04-24 08:49:00,2025-04-24 23:39:56.698972,Delayed,11.84,0,1,2.46,17.91,0,14.849083047777777,0,12,Business,Medium,North,East,107.27,2.8490830477777767,1
DL00118,O00660,D143,V004,H01,2024-06-05 01:27:00,2024-06-05 16:05:09.661481,Failed,11.45,3,0,2.16,8.94,0,14.636017078055556,0,4,Passenger,High,Central,Airport,27.65,10.636017078055556,1
DL00119,O01011,D076,V037,H03,2024-02-28 07:57:00,2024-02-29 14:55:52.373220,Failed,32.37,3,0,1.71,25.09,0,30.981214783333332,0,12,Business,Low,Airport,South,103.05,18.981214783333332,1
DL00120,O00007,D128,V047,H06,2024-05-05 22:10:00,2024-05-06 07:05:17.555250,Delayed,9.07,1,1,3.93,9.76,0,8.921543125,0,2,Business,Low,Central,Airport,76.12,6.9215431249999995,1
DL00121,O00091,D078,V100,H05,2024-03-14 02:36:00,2024-03-14 09:52:56.769516,OnTime,18.81,0,0,3.92,11.62,0,7.282435976666667,0,6,Parcel,Critical,West,Airport,43.61,1.282435976666667,1
DL00122,O00434,D122,V092,H01,2025-10-25 21:25:00,2025-10-25 20:15:00.000000,OnTime,29.52,4,0,4.63,10.56,0,-1.1666666666666667,1,1,Parcel,High,Airport,Riverside,45.89,0.0,0
DL00123,O00284,D030,V025,H04,2024-04-02 13:26:00,2024-04-03 09:11:28.202168,OnTime,13.45,2,0,4.75,12.86,0,19.757833935555556,0,24,Passenger,High,North,Airport,116.68,0.0,0
DL00124,O00210,D113,V040,H05,2024-05-14 20:07:00,2024-05-15 00:02:59.084441,OnTime,14.23,2,0,4.78,19.49,0,3.933079011388889,0,4,Parcel,High,East,West,106.23,0.0,0
DL00125,O00472,D021,V109,H05,2024-02-22 10:05:00,2024-02-22 12:39:44.134262,OnTime,14.25,3,0,3.68,12.59,0,2.5789261838888886,0,4,Parcel,Medium,South,Riverside,287.3,0.0,0
DL00126,O00547,D159,V001,H07,2024-04-09 14:36:00,2024-04-10 19:11:28.149157,Delayed,17.68,0,0,2.6,10.92,0,28.591152543611113,0,24,Retail,High,Central,South,43.73,4.591152543611113,1
DL00127,O01072,D026,V099,H02,2024-10-05 00:19:00,2024-10-05 18:08:10.081712,Delayed,16.56,2,0,2.12,11.9,0,17.819467142222223,0,6,Passenger,High,West,North,172.79,11.819467142222223,1
DL00128,O00868,D089,V099,H07,2024-05-18 16:31:00,2024-05-18 18:54:46.916689,OnTime,9.43,0,0,4.47,10.47,0,2.3963657469444444,0,4,Passenger,Medium,Central,West,117.19,0.0,0
DL00129,O00425,D030,V078,H08,2024-11-27 08:41:00,2024-11-27 12:07:10.344970,OnTime,21.27,3,0,5.0,11.59,0,3.436206936111111,0,4,Passenger,High,Airport,East,78.8,0.0,0
DL00130,O00400,D113,V042,H03,2025-06-20 08:41:00,2025-06-20 12:30:11.038552,OnTime,17.1,0,0,3.87,13.53,0,3.819732931111111,0,6,Retail,High,North,East,145.15,0.0,0
DL00131,O00890,D037,V096,H07,2025-07-05 10:26:00,2025-07-06 08:48:04.879458,OnTime,16.59,0,0,4.33,3.25,0,22.368022071666665,0,24,Retail,High,Central,East,88.41,0.0,0
DL00132,O00688,D058,V061,H03,2024-04-25 08:29:00,2024-04-25 16:02:10.123558,OnTime,19.79,0,0,4.62,5.66,0,7.552812099444444,0,6,Passenger,High,North,West,38.09,1.552812099444444,1
DL00133,O00761,D083,V070,H03,2025-08-12 05:33:00,2025-08-12 17:33:17.788692,OnTime,17.73,1,0,3.29,10.88,0,12.004941303333334,0,12,Passenger,Low,North,East,109.93,0.0049413033333340906,1
DL00134,O00334,D135,V071,H03,2024-05-23 12:01:00,2024-05-23 14:46:57.080638,OnTime,13.27,0,0,3.88,7.63,0,2.7658557327777777,0,4,Parcel,High,Riverside,South,62.54,0.0,0
DL00135,O00225,D069,V075,H03,2025-07-28 04:31:00,2025-07-29 01:14:21.599308,Failed,10.34,2,0,3.6,9.3,0,20.722666474444445,0,1,Retail,Medium,Riverside,Riverside,25.8,19.722666474444445,1
DL00136,O00527,D032,V106,H06,2024-04-05 06:41:00,2024-04-05 11:08:14.223396,OnTime,4.06,1,0,4.45,5.7,0,4.453950943333333,0,6,Parcel,Medium,South,Airport,65.29,0.0,0
DL00137,O01216,D053,V109,H07,2025-08-28 20:12:00,2025-08-29 00:36:58.972872,Delayed,13.46,2,0,2.72,11.11,0,4.416381353333334,0,6,Passenger,Low,West,Airport,37.65,0.0,0
DL00138,O00705,D019,V071,H04,2025-09-09 22:58:00,2025-09-10 05:00:03.368430,OnTime,11.23,2,0,4.75,15.22,0,6.034269008333333,0,6,Parcel,High,North,Riverside,118.52,0.03426900833333324,1
DL00139,O01215,D140,V084,H05,2025-08-05 03:23:00,2025-08-05 12:37:39.102460,OnTime,12.23,0,0,3.57,13.59,0,9.244195127777779,0,12,Business,Medium,North,Airport,205.06,0.0,0
DL00140,O00656,D079,V050,H06,2025-01-08 00:27:00,2025-01-08 08:59:38.123736,Delayed,15.69,0,1,2.23,11.96,0,8.54392326,0,6,Parcel,High,West,North,82.24,2.5439232599999997,1
DL00141,O00021,D166,V094,H04,2024-10-16 12:41:00,2024-10-16 12:59:34.243920,OnTime,10.45,1,0,4.77,7.89,0,0.30951219999999996,0,2,Passenger,Medium,West,North,49.99,0.0,0
DL00142,O00612,D158,V016,H08,2025-05-19 20:32:00,2025-05-20 00:33:51.964249,OnTime,4.04,2,0,3.27,15.78,0,4.031101180277778,0,4,Retail,Critical,West,East,60.06,0.031101180277778084,1
DL00143,O00757,D026,V051,H04,2025-02-22 08:56:00,2025-02-23 01:28:41.984786,Delayed,22.37,0,0,3.64,19.33,0,16.54499577388889,0,12,Passenger,Medium,East,South,81.59,4.544995773888889,1
DL00144,O00170,D016,V016,H06,2024-06-24 09:02:00,2024-06-24 11:42:51.153127,OnTime,25.98,4,0,4.84,27.38,0,2.680875868611111,0,4,Business,High,Airport,Airport,58.3,0.0,0
DL00145,O00668,D155,V081,H06,2025-07-11 00:42:00,2025-07-11 05:33:45.592088,OnTime,29.37,2,0,3.95,18.72,0,4.862664468888889,0,6,Parcel,Medium,Airport,North,135.89,0.0,0
DL00146,O00058,D052,V094,H03,2025-12-16 06:56:00,2025-12-16 09:52:51.274465,OnTime,22.04,0,0,4.37,6.16,0,2.947576240277778,0,2,Passenger,Critical,South,East,51.95,0.9475762402777779,1
DL00147,O01116,D123,V017,H06,2024-11-13 14:46:00,2024-11-13 19:29:47.090691,OnTime,1.21,1,0,4.08,14.96,0,4.729747414166667,0,6,Medical,Medium,East,West,61.33,0.0,0
DL00148,O00817,D087,V120,H05,2025-12-31 09:02:00,2025-12-31 11:10:07.314150,OnTime,16.75,1,0,4.04,15.84,0,2.1353650416666667,0,2,Retail,Low,North,South,208.48,0.13536504166666674,1
DL00149,O00789,D024,V099,H08,2024-12-11 13:03:00,2024-12-11 17:56:25.028097,OnTime,5.74,2,0,3.83,3.72,0,4.8902855825,0,6,Business,High,Central,Riverside,163.0,0.0,0
DL00150,O01164,D083,V042,H07,2025-06-09 18:46:00,2025-06-10 07:04:10.945640,Delayed,10.43,0,0,2.83,10.61,0,12.303040455555555,0,4,Parcel,High,Riverside,West,197.5,8.303040455555555,1
DL00151,O00376,D131,V048,H03,2025-01-21 09:34:00,2025-01-21 19:14:52.380038,OnTime,12.77,1,0,4.77,10.12,0,9.681216677222222,0,12,Passenger,Critical,North,West,33.38,0.0,0
DL00152,O00146,D121,V047,H01,2025-10-10 01:22:00,2025-10-10 13:11:11.345292,OnTime,3.02,0,0,4.71,8.34,0,11.819818136666667,0,12,Passenger,Medium,East,South,14.05,0.0,0
DL00153,O00893,D115,V007,H01,2024-08-05 08:55:00,2024-08-06 02:10:16.054319,Failed,12.85,1,0,3.96,15.21,0,17.254459533055556,0,2,Business,High,South,South,33.29,15.254459533055556,1
DL00154,O00071,D018,V110,H08,2024-09-01 00:47:00,2024-09-01 02:07:26.317027,Failed,7.04,1,0,4.2,5.23,0,1.340643618611111,0,1,Medical,Low,North,South,157.58,0.34064361861111103,1
DL00155,O00061,D048,V052,H02,2024-07-12 03:31:00,2024-07-12 08:43:58.748726,OnTime,24.74,1,0,4.46,18.46,0,5.216319090555556,0,6,Passenger,High,Airport,North,238.9,0.0,0
DL00156,O01086,D100,V085,H08,2024-03-05 21:40:00,2024-03-06 10:03:18.736184,Delayed,31.74,2,0,2.18,17.62,0,12.38853782888889,0,4,Passenger,Low,Airport,South,140.6,8.38853782888889,1
DL00157,O01089,D144,V040,H06,2025-05-18 05:27:00,2025-05-18 08:03:36.606151,OnTime,12.43,2,0,5.0,13.52,0,2.6101683752777776,0,2,Retail,Low,Riverside,North,7.74,0.6101683752777776,1
DL00158,O00643,D031,V072,H08,2025-04-10 19:05:00,2025-04-11 00:26:34.021654,Delayed,29.34,3,0,3.8,15.45,0,5.359450459444444,0,1,Parcel,Low,Airport,Riverside,181.69,4.359450459444444,1
DL00159,O00213,D120,V020,H05,2024-12-05 20:07:00,2024-12-06 08:13:18.738888,OnTime,11.73,0,0,5.0,21.25,0,12.105205246666667,0,12,Parcel,Low,West,Riverside,161.85,0.10520524666666731,1
DL00160,O00874,D108,V085,H04,2024-06-15 16:06:00,2024-06-15 21:00:31.761224,OnTime,16.67,1,0,5.0,9.13,0,4.908822562222222,0,6,Parcel,High,East,West,246.43,0.0,0
DL00161,O00624,D055,V098,H01,2025-04-13 04:37:00,2025-04-14 05:10:40.320423,OnTime,16.98,0,0,4.28,11.8,0,24.5612001175,0,24,Passenger,Medium,West,Central,25.82,0.5612001175000003,1
DL00162,O00854,D122,V071,H02,2024-09-01 04:30:00,2024-09-01 10:10:41.965568,OnTime,25.94,0,0,4.84,11.4,0,5.678323768888888,0,4,Parcel,Low,Airport,Airport,90.75,1.6783237688888883,1
DL00163,O01007,D121,V056,H07,2024-09-24 08:50:00,2024-09-25 09:30:25.927484,Delayed,9.31,0,0,2.51,8.76,0,24.673868745555556,0,12,Medical,Medium,Riverside,Riverside,46.92,12.673868745555556,1
DL00164,O00066,D045,V120,H03,2024-06-21 11:36:00,2024-06-21 14:46:30.898358,OnTime,17.31,0,0,3.9,17.53,0,3.175249543888889,0,4,Passenger,Low,South,East,237.58,0.0,0
DL00165,O00852,D006,V022,H03,2025-07-13 18:06:00,2025-07-14 04:22:13.713354,Delayed,8.64,0,1,4.55,2.5,0,10.270475931666667,0,2,Retail,Medium,North,Riverside,126.8,8.270475931666667,1
DL00166,O00904,D091,V017,H04,2024-05-25 20:26:00,2024-05-26 10:51:28.099016,Failed,24.07,0,0,2.08,13.51,0,14.42447194888889,0,4,Passenger,Low,Airport,Airport,95.34,10.42447194888889,1
DL00167,O00932,D116,V069,H08,2024-10-01 07:37:00,2024-10-01 19:14:50.088103,Failed,19.44,0,0,2.56,13.3,0,11.630580028611112,0,2,Parcel,Medium,Airport,West,51.33,9.630580028611112,1
DL00168,O00126,D100,V066,H01,2024-05-26 09:29:00,2024-05-27 03:28:20.235783,Delayed,30.51,2,0,4.3,18.34,0,17.988954384166664,0,12,Parcel,Medium,Airport,South,55.22,5.988954384166664,1
DL00169,O00996,D037,V115,H07,2025-04-26 07:29:00,2025-04-26 07:46:10.119404,OnTime,10.5,2,0,4.08,10.38,0,0.2861442788888889,0,4,Passenger,High,Central,East,52.53,0.0,0
DL00170,O00363,D020,V093,H04,2025-06-04 03:57:00,2025-06-04 05:40:45.827408,OnTime,10.59,0,0,4.07,10.74,0,1.7293965022222222,0,4,Passenger,High,Riverside,South,35.91,0.0,0
DL00171,O01055,D096,V085,H07,2025-08-13 19:47:00,2025-08-13 23:52:05.486628,OnTime,23.42,1,0,4.35,13.6,0,4.084857396666667,0,6,Parcel,Medium,North,South,33.59,0.0,0
DL00172,O00127,D132,V106,H06,2025-11-08 04:29:00,2025-11-08 16:24:08.173876,Delayed,13.58,2,1,4.36,11.2,0,11.918937187777779,0,2,Parcel,Medium,East,North,171.31,9.918937187777779,1
DL00173,O00459,D131,V026,H08,2025-11-28 08:52:00,2025-11-29 15:17:47.295669,Delayed,15.37,0,0,3.88,6.1,0,30.4298043525,0,24,Retail,Low,South,South,203.99,6.4298043525,1
DL00174,O00162,D020,V066,H07,2025-12-14 04:21:00,2025-12-14 14:45:39.043652,OnTime,9.9,2,0,4.18,9.86,0,10.41084545888889,0,12,Business,Medium,South,Central,139.13,0.0,0
DL00175,O00583,D036,V118,H03,2025-04-17 21:40:00,2025-04-18 00:57:45.636508,OnTime,15.62,1,0,3.93,9.26,0,3.296010141111111,0,6,Retail,Medium,South,Riverside,89.45,0.0,0
DL00176,O01200,D061,V116,H05,2024-02-23 08:31:00,2024-02-23 13:20:44.267798,OnTime,16.02,0,0,4.36,16.67,0,4.828963277222223,0,6,Passenger,Low,Riverside,Riverside,68.78,0.0,0
DL00177,O00164,D123,V045,H01,2024-03-23 14:11:00,2024-03-24 11:34:32.627966,OnTime,8.31,0,0,4.85,9.58,0,21.39239665722222,0,24,Parcel,Low,South,Central,211.8,0.0,0
DL00178,O01166,D024,V052,H05,2025-09-22 12:46:00,2025-09-22 22:06:17.558019,Failed,13.01,2,1,3.36,6.79,0,9.338210560833332,0,4,Parcel,Medium,West,North,57.89,5.338210560833332,1
DL00179,O00493,D016,V094,H08,2024-05-20 04:07:00,2024-05-20 19:35:01.117107,Delayed,9.15,1,0,2.32,12.14,0,15.466976974166666,0,6,Parcel,Critical,East,North,55.91,9.466976974166666,1
DL00180,O00137,D135,V054,H08,2025-03-14 19:37:00,2025-03-15 06:15:52.917076,OnTime,19.65,0,0,4.25,14.94,0,10.64803252111111,0,12,Parcel,High,East,South,81.5,0.0,0
DL00181,O00450,D073,V014,H02,2024-08-25 23:47:00,2024-08-25 23:58:42.961492,OnTime,12.74,1,0,5.0,14.37,0,0.19526708111111113,0,2,Retail,Low,Riverside,Riverside,31.33,0.0,0
DL00182,O00096,D071,V102,H04,2024-07-13 18:06:00,2024-07-13 18:46:16.627804,OnTime,7.62,0,0,4.64,14.41,0,0.6712855011111112,0,2,Business,Critical,North,West,153.48,0.0,0
DL00183,O00808,D049,V065,H05,2024-09-06 07:26:00,2024-09-06 12:08:53.674289,OnTime,15.14,0,0,4.23,13.23,0,4.714909524722222,0,4,Passenger,High,Riverside,West,79.62,0.7149095247222217,1
DL00184,O01005,D023,V096,H07,2025-05-01 19:42:00,2025-05-03 02:37:43.403054,Failed,13.78,0,0,2.96,13.86,0,30.928723070555556,0,12,Business,High,Riverside,South,127.67,18.928723070555556,1
DL00185,O01217,D008,V065,H01,2024-01-26 00:13:00,2024-01-26 11:26:56.498085,OnTime,15.39,3,0,4.76,13.61,0,11.232360579166667,0,12,Passenger,High,Central,South,121.06,0.0,0
DL00186,O00798,D006,V081,H06,2024-01-14 04:23:00,2024-01-14 07:07:14.801241,OnTime,14.26,1,0,4.91,4.79,0,2.7374447891666662,0,4,Retail,Low,South,North,55.01,0.0,0
DL00187,O00439,D111,V069,H05,2024-03-05 22:08:00,2024-03-06 15:17:27.866312,Failed,17.61,1,0,1.53,16.92,0,17.157740642222223,0,1,Medical,High,North,Central,53.87,16.157740642222223,1
DL00188,O00739,D008,V075,H08,2025-04-13 23:14:00,2025-04-14 09:05:27.436648,OnTime,5.37,0,0,5.0,5.73,0,9.857621291111112,0,12,Passenger,Low,South,North,76.04,0.0,0
DL00189,O01227,D011,V118,H06,2024-11-05 11:52:00,2024-11-05 18:23:23.067031,Failed,14.51,1,0,2.43,12.83,0,6.523074175277777,0,2,Medical,High,Central,North,95.27,4.523074175277777,1
DL00190,O00875,D039,V003,H07,2025-10-31 23:21:00,2025-11-01 08:44:27.167343,OnTime,2.25,0,0,4.79,7.74,0,9.3908798175,0,12,Business,High,North,East,64.89,0.0,0
DL00191,O00755,D161,V006,H08,2025-08-21 05:02:00,2025-08-21 12:04:57.236329,OnTime,13.55,0,0,3.48,21.6,0,7.049232313611111,0,6,Passenger,High,South,South,25.11,1.0492323136111112,1
DL00192,O00118,D095,V112,H04,2025-08-18 22:16:00,2025-08-19 03:23:10.590397,OnTime,14.13,0,0,4.64,16.49,0,5.119608443611111,0,6,Retail,Medium,South,South,74.68,0.0,0
DL00193,O00032,D017,V013,H08,2025-09-16 00:28:00,2025-09-15 23:38:00.000000,OnTime,14.01,4,0,3.54,9.08,0,-0.8333333333333334,1,1,Passenger,Medium,Central,East,126.43,0.0,0
DL00194,O00422,D053,V110,H01,2025-08-07 09:57:00,2025-08-07 22:44:40.533037,Delayed,8.77,2,0,2.58,9.97,0,12.794592510277779,0,6,Passenger,Medium,Central,West,15.05,6.794592510277779,1
DL00195,O00462,D162,V028,H06,2025-03-03 20:56:00,2025-03-04 07:39:20.158477,Delayed,13.0,1,0,1.04,10.71,0,10.722266243611111,0,6,Parcel,Medium,Riverside,East,55.77,4.722266243611111,1
DL00196,O00469,D111,V009,H08,2024-09-19 00:27:00,2024-09-19 00:29:59.873621,OnTime,13.83,1,0,3.85,12.41,0,0.04996489472222223,0,4,Parcel,Low,East,East,92.55,0.0,0
DL00197,O00478,D163,V053,H02,2025-04-21 00:07:00,2025-04-21 01:03:50.907972,OnTime,11.17,0,0,5.0,2.84,0,0.9474744366666666,0,2,Medical,Critical,West,South,160.09,0.0,0
DL00198,O00465,D156,V111,H04,2024-12-08 07:33:00,2024-12-08 12:46:07.626495,Delayed,8.01,0,0,3.38,10.98,0,5.2187851375,0,2,Medical,Low,East,North,20.53,3.2187851375000003,1
DL00199,O00821,D086,V088,H05,2025-01-25 03:15:00,2025-01-25 08:28:34.398516,OnTime,24.31,1,0,4.36,18.49,0,5.22622181,0,6,Parcel,Medium,Central,South,78.86,0.0,0
DL00200,O00406,D160,V106,H06,2025-01-05 13:23:00,2025-01-05 14:10:14.767186,OnTime,31.46,2,0,4.38,16.38,0,0.7874353294444445,0,2,Retail,Critical,Airport,Riverside,59.17,0.0,0
DL00201,O00008,D036,V041,H03,2024-04-03 20:22:00,2024-04-03 20:46:56.611810,OnTime,14.08,0,0,5.0,12.87,0,0.4157255027777778,0,4,Parcel,Medium,Riverside,Riverside,35.06,0.0,0
DL00202,O01057,D028,V054,H06,2025-03-23 12:38:00,2025-03-23 18:02:58.624138,Delayed,19.31,2,0,3.67,17.41,0,5.416284482777778,0,4,Passenger,Medium,Airport,North,50.3,1.4162844827777779,1
DL00203,O00901,D107,V086,H08,2025-12-08 09:18:00,2025-12-08 16:36:10.578825,Delayed,9.36,2,0,4.52,7.69,0,7.3029385625000005,0,2,Retail,Critical,Central,Airport,136.84,5.3029385625000005,1
DL00204,O00025,D108,V062,H08,2025-01-10 22:15:00,2025-01-11 05:19:27.680020,OnTime,11.32,1,0,4.64,15.67,0,7.074355561111111,0,6,Passenger,Critical,North,Riverside,66.51,1.074355561111111,1
DL00205,O00375,D039,V024,H03,2024-09-17 23:26:00,2024-09-18 02:13:34.429413,OnTime,7.16,3,0,4.17,12.58,0,2.7928970591666666,0,4,Medical,High,Central,East,150.39,0.0,0
DL00206,O00634,D045,V107,H02,2024-07-07 14:19:00,2024-07-07 17:45:48.033486,OnTime,17.47,1,0,4.49,15.56,0,3.4466759683333335,0,4,Parcel,Medium,East,South,171.58,0.0,0
DL00207,O01035,D121,V114,H04,2024-03-17 00:24:00,2024-03-17 06:31:20.483060,OnTime,18.52,1,0,4.4,11.28,0,6.122356405555555,0,6,Business,Low,East,Riverside,54.57,0.12235640555555527,1
DL00208,O00964,D087,V018,H01,2024-04-13 03:27:00,2024-04-13 22:30:31.511760,Failed,21.73,0,1,3.09,13.36,0,19.058753266666663,0,2,Retail,High,Central,South,178.23,17.058753266666663,1
DL00209,O01154,D057,V107,H06,2024-09-05 16:29:00,,OnTime,11.22,1,0,4.31,13.88,1,,0,12,Medical,Low,South,South,25.19,0.0,0
DL00210,O01191,D142,V016,H02,2024-02-19 19:24:00,2024-02-19 23:40:57.531907,Delayed,16.24,3,0,3.43,13.43,0,4.282647751944444,0,2,Business,Low,East,North,91.82,2.2826477519444444,1
DL00211,O01017,D102,V006,H08,2025-12-30 15:47:00,2025-12-30 19:01:17.386185,OnTime,12.39,1,0,4.57,13.18,0,3.2381628291666664,0,6,Retail,High,Central,West,30.84,0.0,0
DL00212,O01105,D142,V041,H01,2025-06-18 18:46:00,2025-06-19 18:15:30.156582,Delayed,13.85,1,1,4.29,11.45,0,23.491710161666667,0,12,Business,Medium,East,West,13.4,11.491710161666667,1
DL00213,O00807,D025,V073,H02,2025-10-16 07:59:00,2025-10-16 10:10:20.184358,OnTime,8.57,0,0,4.33,10.42,0,2.1889400994444443,0,4,Parcel,Medium,South,Riverside,155.63,0.0,0
DL00214,O00552,D096,V010,H04,2025-11-09 03:20:00,2025-11-09 06:33:06.774900,OnTime,6.09,0,0,3.02,7.3,0,3.2185485833333334,0,4,Passenger,Low,Riverside,South,76.7,0.0,0
DL00215,O01042,D100,V102,H06,2024-08-26 13:15:00,2024-08-27 08:07:20.123858,Delayed,22.0,1,0,4.79,19.64,0,18.872256627222225,0,12,Passenger,Low,Airport,East,54.55,6.8722566272222245,1
DL00216,O00167,D146,V019,H07,2024-04-27 21:19:00,2024-04-28 19:51:43.999646,OnTime,30.01,0,0,3.37,18.54,0,22.54555545722222,0,24,Medical,Medium,East,East,24.78,0.0,0
DL00217,O01194,D020,V030,H01,2024-08-08 01:50:00,2024-08-08 01:09:07.153624,OnTime,22.61,1,0,4.41,12.17,0,-0.6813462155555555,1,2,Passenger,Medium,South,Airport,88.17,0.0,0
DL00218,O00136,D149,V010,H03,2024-11-27 17:12:00,2024-11-27 22:54:50.864773,Delayed,3.51,1,0,3.27,4.15,0,5.7141291036111115,0,1,Medical,High,North,South,20.82,4.7141291036111115,1
DL00219,O00513,D087,V118,H07,2024-08-07 05:33:00,2024-08-07 09:00:38.553343,OnTime,14.41,1,0,4.59,12.65,0,3.4607092619444444,0,4,Passenger,High,West,South,111.28,0.0,0
DL00220,O00859,D079,V107,H08,2024-03-21 03:17:00,2024-03-21 07:59:50.954517,OnTime,33.71,4,0,5.0,13.79,0,4.7141540325,0,6,Retail,Low,Airport,Central,83.53,0.0,0
DL00221,O00594,D151,V092,H02,2024-03-11 21:43:00,2024-03-11 22:58:44.220273,OnTime,12.09,3,0,3.25,11.03,0,1.2622834091666666,0,4,Retail,Medium,Central,East,149.86,0.0,0
DL00222,O01010,D121,V045,H06,2024-05-18 21:01:00,2024-05-18 23:50:57.890175,OnTime,9.72,0,0,5.0,8.53,0,2.8327472708333334,0,6,Business,Low,West,South,55.14,0.0,0
DL00223,O00740,D155,V085,H08,2024-05-22 15:11:00,2024-05-22 20:28:55.835439,Delayed,12.99,0,0,3.19,12.3,0,5.298843177499999,0,4,Medical,Medium,East,East,67.9,1.2988431774999993,1
DL00224,O00960,D034,V040,H07,2025-01-20 03:14:00,2025-01-20 03:27:00.000000,OnTime,11.88,0,0,3.79,14.2,0,0.21666666666666667,0,1,Passenger,Medium,Riverside,North,86.06,0.0,0
DL00225,O00056,D150,V044,H05,2025-10-05 20:44:00,2025-10-06 00:53:02.095072,OnTime,6.21,2,0,3.98,14.94,0,4.150581964444444,0,4,Parcel,High,South,Central,160.35,0.15058196444444416,1
DL00226,O00823,D119,V030,H06,2025-02-05 21:33:00,2025-02-06 09:56:15.951005,Delayed,9.28,0,0,2.17,10.29,0,12.387764168055556,0,12,Passenger,Medium,East,North,122.9,0.3877641680555559,1
DL00227,O01138,D083,V114,H04,2024-02-08 18:51:00,2024-02-08 20:38:03.973692,OnTime,16.490000000000002,2,0,4.65,13.68,0,1.7844371366666665,0,2,Parcel,Medium,Airport,South,41.05,0.0,0
DL00228,O01094,D052,V085,H04,2024-08-22 11:22:00,2024-08-22 10:34:20.985351,OnTime,6.68,2,0,4.05,11.59,0,-0.7941707358333334,1,2,Parcel,Medium,East,Riverside,208.68,0.0,0
DL00229,O00518,D050,V036,H02,2025-12-11 02:26:00,2025-12-11 13:40:02.515856,OnTime,14.89,0,0,3.97,13.89,0,11.234032182222222,0,12,Medical,High,North,East,61.85,0.0,0
DL00230,O00303,D055,V037,H06,2025-07-22 05:41:00,2025-07-23 00:56:58.415169,Failed,14.85,1,0,2.34,13.21,0,19.26622643583333,0,4,Retail,Medium,Central,South,48.67,15.266226435833332,1
DL00231,O00670,D014,V046,H05,2024-03-27 23:40:00,2024-03-28 02:54:39.523324,OnTime,13.07,0,0,4.72,3.86,0,3.2443120344444445,0,4,Retail,High,South,West,128.5,0.0,0
DL00232,O00397,D050,V101,H06,2025-06-18 19:47:00,2025-06-19 09:18:18.249166,OnTime,29.8,1,0,3.71,14.58,0,13.521735879444444,0,12,Parcel,Medium,Airport,South,42.94,1.521735879444444,1
DL00233,O01173,D094,V020,H04,2024-02-08 11:24:00,2024-02-08 17:48:05.084656,OnTime,5.36,0,0,4.5,11.41,0,6.401412404444444,0,6,Passenger,Medium,North,Airport,41.11,0.4014124044444438,1
DL00234,O00340,D056,V028,H01,2025-02-10 03:37:00,2025-02-10 06:18:46.049848,OnTime,13.52,1,0,2.88,6.77,0,2.6961249577777777,0,2,Retail,High,Central,Airport,89.8,0.6961249577777777,1
DL00235,O00507,D022,V109,H05,2025-12-13 06:42:00,2025-12-14 03:05:08.091772,Failed,18.87,0,0,3.68,19.15,0,20.385581047777777,0,4,Parcel,Medium,South,West,62.89,16.385581047777777,1
DL00236,O00013,D163,V009,H07,2024-03-29 22:48:00,2024-03-30 20:39:02.394303,OnTime,20.12,2,0,3.74,17.02,0,21.850665084166664,0,24,Retail,Medium,Airport,Central,302.7,0.0,0
DL00237,O00082,D135,V099,H06,2024-07-30 05:49:00,2024-07-30 15:01:15.776025,OnTime,12.83,1,0,3.62,20.26,0,9.204382229166667,0,12,Retail,Medium,Central,West,36.55,0.0,0
DL00238,O00979,D146,V077,H04,2025-01-08 05:27:00,2025-01-08 15:41:00.475033,OnTime,14.2,2,0,4.02,13.01,0,10.233465286944446,0,12,Business,Low,North,West,54.09,0.0,0
DL00239,O00052,D019,V010,H06,2024-08-14 09:02:00,2024-08-15 01:09:18.015871,Delayed,13.6,1,0,3.72,16.0,0,16.121671075277778,0,12,Retail,Medium,North,Riverside,293.65,4.121671075277778,1
DL00240,O01169,D131,V070,H06,2025-11-06 15:56:00,2025-11-07 02:10:49.323911,Failed,38.25,1,0,3.34,21.21,0,10.247034419722223,0,4,Parcel,Medium,Airport,East,145.59,6.2470344197222225,1
DL00241,O00187,D155,V084,H07,2024-12-30 18:28:00,2024-12-31 04:43:09.844483,OnTime,10.78,0,0,5.0,15.96,0,10.252734578611111,0,12,Medical,Medium,South,East,49.72,0.0,0
DL00242,O00119,D137,V108,H07,2024-05-25 22:51:00,2024-05-26 08:01:37.790962,Delayed,4.26,2,0,1.93,17.11,0,9.177164156111111,0,4,Medical,Low,North,North,66.42,5.177164156111111,1
DL00243,O00544,D099,V079,H04,2024-06-14 20:33:00,2024-06-15 20:11:53.741981,OnTime,14.39,1,0,4.52,10.27,0,23.64826166138889,0,24,Retail,Low,Central,West,53.15,0.0,0
DL00244,O00610,D024,V077,H03,2024-07-21 19:36:00,2024-07-22 17:48:27.423191,OnTime,6.55,0,0,4.87,10.1,0,22.207617553055552,0,24,Passenger,Medium,South,Riverside,169.63,0.0,0
DL00245,O01206,D047,V061,H01,2024-11-16 00:30:00,2024-11-16 03:42:19.846988,OnTime,16.57,1,0,4.28,17.58,0,3.205513052222222,0,4,Medical,High,Central,Riverside,142.54,0.0,0
DL00246,O00603,D016,V061,H05,2024-02-25 01:31:00,2024-02-25 21:51:52.790634,OnTime,20.51,0,0,4.05,12.98,0,20.347997398333334,0,24,Parcel,Medium,West,Riverside,66.39,0.0,0
DL00247,O00881,D056,V100,H08,2024-12-31 12:39:00,2024-12-31 18:10:16.768203,OnTime,11.09,0,0,4.325,5.77,0,5.521324500833333,0,6,Passenger,Low,Riverside,South,83.23,0.0,0
DL00248,O00799,D099,V047,H02,2025-08-22 18:02:00,2025-08-23 17:33:16.669312,OnTime,7.06,1,0,5.0,13.65,0,23.52129703111111,0,24,Passenger,High,East,South,260.0,0.0,0
DL00249,O00770,D139,V107,H06,2024-07-20 09:45:00,2024-07-20 17:43:30.442864,Delayed,15.28,0,1,3.02,15.91,0,7.975123017777778,0,2,Retail,Medium,South,West,68.11,5.975123017777778,1
DL00250,O00977,D092,V067,H03,2024-08-27 17:43:00,2024-08-27 19:38:27.825277,OnTime,6.39,0,0,4.03,7.45,0,1.9243959102777777,0,4,Retail,Medium,West,West,25.58,0.0,0
DL00251,O00122,D005,V030,H06,2024-02-10 16:00:00,2024-02-11 06:46:03.568269,Failed,14.27,0,0,3.89,16.33,0,14.767657852500001,0,1,Medical,Medium,Riverside,North,27.55,13.767657852500001,1
DL00252,O00713,D109,V001,H05,2024-07-10 01:06:00,2024-07-10 05:10:04.532246,OnTime,11.34,0,0,4.06,10.82,0,4.067925623888889,0,6,Medical,Low,South,North,48.38,0.0,0
DL00253,O00325,D126,V033,H08,2024-09-30 05:43:00,2024-09-30 07:09:22.633894,OnTime,5.12,1,0,4.24,9.16,0,1.439620526111111,0,2,Passenger,Medium,North,South,70.71,0.0,0
DL00254,O00933,D053,V084,H05,2024-12-29 13:26:00,2024-12-29 18:18:06.932349,OnTime,11.34,1,0,4.09,12.33,0,4.868592319166666,0,6,Passenger,High,South,Airport,96.98,0.0,0
DL00255,O00908,D154,V032,H06,2025-07-02 02:14:00,2025-07-02 12:52:13.920416,Delayed,28.05,3,0,3.35,18.76,0,10.637200115555556,0,6,Parcel,Low,Airport,East,142.89,4.637200115555556,1
DL00256,O00389,D105,V088,H01,2025-01-22 12:35:00,2025-01-22 19:44:37.435823,Delayed,8.17,1,0,3.16,14.91,0,7.160398839722222,0,4,Passenger,Low,Central,Riverside,65.05,3.1603988397222222,1
DL00257,O00103,D034,V038,H02,2024-01-26 14:25:00,2024-01-27 12:53:16.844122,Delayed,15.88,1,0,3.54,14.05,0,22.471345589444443,0,12,Business,Low,South,West,77.37,10.471345589444443,1
DL00258,O01230,D003,V093,H02,2024-05-26 21:11:00,2024-05-27 03:52:09.653128,Delayed,15.09,2,0,3.74,8.22,0,6.686014757777778,0,1,Parcel,High,Central,North,86.63,5.686014757777778,1
DL00259,O00266,D120,V096,H06,2024-10-04 19:45:00,2024-10-05 01:21:38.291899,Delayed,16.86,1,0,1.0,19.95,0,5.610636638611111,0,2,Business,High,Central,North,41.27,3.610636638611111,1
DL00260,O00152,D001,V114,H04,2024-09-03 19:25:00,2024-09-04 16:41:43.922337,OnTime,21.6,0,0,3.32,17.16,0,21.27886731583333,0,24,Retail,Medium,East,North,139.65,0.0,0
DL00261,O00445,D051,V079,H02,2025-04-19 01:20:00,2025-04-19 11:53:50.948058,Failed,10.73,1,1,3.18,9.58,0,10.564152238333334,0,2,Passenger,High,South,Riverside,68.98,8.564152238333334,1
DL00262,O00762,D134,V038,H08,2025-04-09 22:31:00,2025-04-09 23:27:49.931018,OnTime,5.51,0,0,4.14,10.11,0,0.9472030605555556,0,4,Retail,Medium,East,South,21.57,0.0,0
DL00263,O01006,D048,V098,H01,2025-12-29 14:58:00,2025-12-30 04:56:17.180320,Delayed,15.66,1,0,2.55,9.31,0,13.971438977777778,0,12,Parcel,High,Central,East,74.48,1.9714389777777779,1
DL00264,O00802,D073,V067,H08,2024-02-14 07:30:00,2024-02-15 08:17:05.653632,OnTime,11.61,0,0,4.33,11.38,0,24.784903786666668,0,24,Passenger,Medium,West,West,32.72,0.7849037866666677,1
DL00265,O00253,D119,V054,H03,2024-06-28 11:02:00,2024-06-28 13:40:12.117454,OnTime,14.43,0,0,4.54,15.01,0,2.6366992927777777,0,4,Retail,High,Central,West,144.86,0.0,0
DL00266,O01041,D154,V058,H06,2024-07-03 16:53:00,,OnTime,9.09,0,0,4.73,15.87,1,,0,4,Passenger,Medium,South,West,41.43,0.0,0
DL00267,O00665,D090,V015,H08,2024-02-17 14:27:00,2024-02-17 16:12:15.501233,OnTime,7.98,1,0,4.96,8.83,0,1.7543058980555555,0,4,Passenger,Low,West,Central,176.48,0.0,0
DL00268,O00030,D008,V056,H02,2025-10-05 03:47:00,,OnTime,8.7,1,0,3.88,15.46,1,,0,12,Medical,Low,North,East,44.84,0.0,0
DL00269,O00131,D085,V052,H06,2024-06-29 23:38:00,2024-07-01 10:09:10.323380,Delayed,16.05,1,0,1.96,13.91,0,34.519534272222224,0,24,Retail,Medium,East,West,14.11,10.519534272222224,1
DL00270,O00764,D104,V023,H08,2024-07-14 11:50:00,2024-07-15 02:05:57.442199,Failed,5.37,1,0,4.29,12.93,0,14.265956166388888,0,2,Retail,Medium,North,West,72.77,12.265956166388888,1
DL00271,O00193,D036,V017,H06,2024-01-22 16:51:00,2024-01-23 01:31:56.632521,Delayed,9.24,2,0,4.25,2.78,0,8.6823979225,0,4,Business,Medium,East,Central,202.67,4.6823979225,1
DL00272,O00494,D132,V028,H05,2025-09-02 15:53:00,2025-09-02 15:52:14.905393,OnTime,21.67,1,0,4.27,20.58,0,-0.012526279722222223,1,1,Parcel,Medium,East,Airport,50.08,0.0,0
DL00273,O00492,D071,V049,H01,2025-10-16 03:34:00,2025-10-16 06:45:29.870072,OnTime,9.75,0,0,2.95,14.1,0,3.1916305755555556,0,6,Retail,Critical,West,South,70.04,0.0,0
DL00274,O01198,D080,V080,H02,2025-01-13 05:25:00,2025-01-13 06:53:29.209324,OnTime,9.06,0,0,4.14,6.22,0,1.474780367777778,0,6,Retail,High,North,East,36.61,0.0,0
DL00275,O00697,D002,V012,H07,2025-02-09 18:46:00,2025-02-09 23:36:15.049502,OnTime,1.96,0,0,4.25,8.32,0,4.837513750555556,0,6,Medical,Medium,East,West,7.69,0.0,0
DL00276,O00531,D119,V014,H02,2025-04-26 10:59:00,2025-04-27 08:38:51.218057,OnTime,30.31,2,0,4.17,18.74,0,21.664227238055556,0,24,Business,High,Airport,Airport,157.07,0.0,0
DL00277,O00942,D104,V117,H04,2025-01-09 09:51:00,2025-01-09 19:32:27.546472,OnTime,7.7,2,0,4.03,12.17,0,9.69098513111111,0,12,Passenger,High,Central,Riverside,101.75,0.0,0
DL00278,O00203,D135,V070,H07,2024-07-05 21:38:00,2024-07-06 14:21:54.442674,Failed,3.93,2,0,3.49,3.82,0,16.731789631666665,0,6,Business,High,Central,Airport,84.76,10.731789631666665,1
DL00279,O00201,D032,V111,H01,2025-05-13 17:15:00,2025-05-13 20:41:51.542934,OnTime,11.65,2,0,4.15,8.01,0,3.447650815,0,4,Passenger,Medium,North,South,118.29,0.0,0
DL00280,O00535,D037,V010,H03,2024-12-18 08:55:00,,OnTime,13.44,1,0,4.63,15.09,1,,0,6,Retail,Medium,Riverside,Riverside,24.09,0.0,0
DL00281,O00801,D123,V046,H02,2024-03-29 16:47:00,2024-03-29 19:57:12.212231,OnTime,24.03,1,0,4.79,22.2,0,3.1700589530555554,0,6,Retail,Medium,South,North,111.28,0.0,0
DL00282,O01232,D045,V114,H03,2024-01-18 22:52:00,2024-01-19 02:56:30.044466,OnTime,14.86,1,0,3.5,16.26,0,4.0750123516666665,0,6,Passenger,Medium,West,East,55.4,0.0,0
DL00283,O01212,D142,V068,H08,2024-08-01 12:31:00,,OnTime,18.32,2,0,3.76,18.79,1,,0,2,Parcel,Low,West,South,45.3,0.0,0
DL00284,O00999,D089,V075,H03,2024-06-30 12:34:00,2024-07-01 08:34:00.640399,OnTime,2.53,0,0,3.73,4.03,0,20.00017788861111,0,24,Retail,High,Riverside,South,170.69,0.0,0
DL00285,O00442,D001,V097,H07,2025-06-22 14:54:00,2025-06-22 17:41:05.902000,OnTime,9.22,0,0,4.95,8.62,0,2.784972777777778,0,4,Business,High,Central,West,81.32,0.0,0
DL00286,O00059,D038,V047,H05,2025-11-20 19:24:00,,Delayed,13.74,0,1,3.32,7.06,1,,0,2,Passenger,Medium,Central,Airport,20.32,0.0,0
DL00287,O00352,D138,V099,H01,2024-05-19 17:01:00,2024-05-19 21:25:24.547937,OnTime,36.08,2,0,4.24,24.5,0,4.4068188713888885,0,4,Parcel,Low,Airport,North,271.29,0.4068188713888885,1
DL00288,O00636,D004,V064,H03,2024-06-20 10:05:00,2024-06-20 21:12:47.425266,Delayed,14.61,0,0,1.0,15.39,0,11.129840351666667,0,4,Medical,Medium,West,North,134.63,7.129840351666667,1
DL00289,O00233,D027,V095,H01,2024-12-24 20:17:00,2024-12-24 18:09:00.000000,OnTime,13.45,3,0,4.34,9.29,0,-2.1333333333333333,1,1,Parcel,High,Riverside,South,100.64,0.0,0
DL00290,O00524,D035,V083,H03,2025-06-20 16:54:00,2025-06-20 19:14:45.474692,OnTime,30.93,0,0,5.0,19.1,0,2.345965192222222,0,4,Passenger,Medium,Airport,Riverside,40.41,0.0,0
DL00291,O00485,D100,V068,H04,2024-11-27 02:51:00,2024-11-27 04:40:02.445388,OnTime,17.86,1,0,3.97,19.28,0,1.817345941111111,0,1,Passenger,High,North,Central,95.19,0.817345941111111,1
DL00292,O00811,D149,V103,H01,2024-05-09 08:13:00,2024-05-09 11:59:25.379839,OnTime,15.21,1,0,4.41,18.9,0,3.7737166219444442,0,6,Retail,Medium,North,Riverside,104.5,0.0,0
DL00293,O00888,D098,V104,H07,2024-06-13 07:40:00,2024-06-13 10:45:19.325161,OnTime,16.53,1,0,3.97,12.62,0,3.0887014336111114,0,2,Medical,Low,Riverside,Riverside,139.5,1.0887014336111114,1
DL00294,O00443,D093,V100,H08,2025-10-20 02:48:00,2025-10-20 11:47:02.861673,OnTime,12.21,0,0,4.39,15.82,0,8.9841282425,0,12,Parcel,Medium,North,Riverside,63.8,0.0,0
DL00295,O01101,D131,V087,H07,2024-01-14 09:50:00,2024-01-14 14:16:20.091051,OnTime,20.39,2,0,5.0,18.38,0,4.438914180833333,0,6,Parcel,Medium,Riverside,North,38.39,0.0,0
DL00296,O01064,D062,V044,H03,2025-12-22 19:59:00,2025-12-23 10:18:27.445268,Delayed,16.44,2,0,4.7,11.33,0,14.324290352222222,0,12,Passenger,Medium,Central,Airport,48.29,2.3242903522222225,1
DL00297,O01109,D107,V018,H01,2025-12-08 15:52:00,,OnTime,33.69,1,0,3.55,22.27,1,,0,2,Business,Low,Airport,Riverside,16.12,0.0,0
DL00298,O01051,D111,V109,H05,2025-06-06 07:00:00,2025-06-06 23:06:57.382276,Delayed,11.95,0,0,3.03,8.36,0,16.11593952111111,0,4,Retail,Low,Central,Airport,74.57,12.115939521111109,1
DL00299,O01061,D121,V088,H07,2024-04-29 22:39:00,2024-04-29 23:45:53.493983,OnTime,15.83,3,0,4.49,12.5,0,1.1148594397222222,0,2,Retail,Medium,Central,West,13.17,0.0,0
DL00300,O00222,D039,V056,H05,2024-09-25 13:54:00,2024-09-25 13:33:56.991734,OnTime,10.01,1,0,3.41,14.32,0,-0.3341689627777778,1,4,Parcel,High,Riverside,West,27.35,0.0,0
DL00301,O01152,D165,V009,H04,2025-03-13 00:37:00,2025-03-13 23:37:06.560164,OnTime,9.27,0,0,5.0,9.21,0,23.001822267777776,0,24,Passenger,High,Riverside,West,192.23,0.0,0
DL00302,O01208,D117,V008,H06,2024-04-18 21:38:00,2024-04-19 09:44:14.799027,OnTime,14.89,0,0,3.6,10.25,0,12.104110840833334,0,12,Medical,Medium,Riverside,South,116.78,0.104110840833334,1
DL00303,O00813,D143,V005,H06,2025-10-14 00:12:00,2025-10-14 05:00:10.581519,OnTime,10.29,1,0,5.0,18.54,0,4.802939310833334,0,4,Parcel,Medium,North,North,75.79,0.8029393108333336,1
DL00304,O00433,D036,V024,H08,2024-10-29 16:23:00,2024-10-30 06:42:08.707870,Failed,11.81,0,1,2.83,10.31,0,14.319085519444444,0,12,Retail,Medium,Central,Central,85.59,2.319085519444444,1
DL00305,O00584,D028,V045,H06,2024-07-06 01:06:00,2024-07-06 04:24:49.446131,OnTime,27.25,0,0,3.81,15.04,0,3.313735036388889,0,6,Retail,Medium,Airport,West,137.29,0.0,0
DL00306,O01168,D136,V099,H07,2024-12-15 22:14:00,2024-12-16 09:57:18.304523,Delayed,34.53,4,1,2.96,19.47,0,11.721751256388888,0,12,Passenger,Medium,Airport,Central,30.78,0.0,0
DL00307,O00699,D089,V021,H03,2024-09-22 15:57:00,2024-09-23 01:06:05.325869,OnTime,11.84,1,0,3.9,12.44,0,9.151479408055556,0,12,Medical,Medium,South,Riverside,202.46,0.0,0
DL00308,O00495,D146,V046,H01,2024-01-16 01:13:00,2024-01-16 07:46:08.760014,OnTime,8.6,0,0,3.55,10.89,0,6.552433337222222,0,6,Passenger,Low,East,South,133.15,0.5524333372222223,1
DL00309,O00783,D164,V089,H02,2024-06-28 23:56:00,2024-06-29 03:09:24.133659,OnTime,10.02,0,0,3.2,6.99,0,3.223370460833333,0,4,Parcel,Critical,North,East,46.36,0.0,0
DL00310,O00285,D149,V077,H08,2025-01-05 13:48:00,2025-01-05 21:27:35.577931,OnTime,9.55,2,0,4.67,12.27,0,7.659882758611111,0,4,Business,High,North,North,106.65,3.6598827586111113,1
DL00311,O00797,D086,V077,H05,2025-03-23 04:36:00,2025-03-23 08:18:19.597633,OnTime,8.21,2,0,5.0,10.01,0,3.705443786944444,0,4,Passenger,Medium,Riverside,Riverside,47.39,0.0,0
DL00312,O00204,D142,V043,H03,2025-10-22 23:06:00,2025-10-23 17:41:31.231144,Failed,31.38,0,0,4.79,14.35,0,18.59200865111111,0,12,Passenger,High,Airport,West,61.59,6.592008651111112,1
DL00313,O00601,D136,V005,H08,2025-05-23 04:56:00,2025-05-23 11:22:17.637305,OnTime,17.43,2,0,3.9,12.77,0,6.438232584722222,0,6,Retail,Low,North,South,49.24,0.43823258472222193,1
DL00314,O00499,D078,V092,H08,2024-06-11 07:00:00,2024-06-11 09:11:43.991103,OnTime,5.63,2,0,4.16,6.47,0,2.195553084166667,0,4,Passenger,Medium,East,Central,62.77,0.0,0
DL00315,O01107,D082,V041,H04,2024-01-25 08:28:00,2024-01-26 02:41:51.339470,Delayed,37.41,2,0,4.22,17.73,0,18.230927630555556,0,12,Business,Medium,Airport,Central,282.35,6.230927630555556,1
DL00316,O00081,D108,V095,H08,2025-04-17 15:01:00,2025-04-18 07:30:05.752336,Failed,7.85,1,0,4.11,9.08,0,16.484931204444443,0,6,Passenger,Low,West,Airport,208.38,10.484931204444443,1
DL00317,O00711,D105,V106,H06,2024-12-15 15:16:00,2024-12-15 16:55:42.081483,OnTime,13.76,1,0,4.67,13.99,0,1.6616893008333333,0,2,Passenger,High,South,South,69.11,0.0,0
DL00318,O00281,D054,V041,H03,2024-12-03 07:14:00,2024-12-03 09:03:19.830677,OnTime,26.53,3,0,4.48,16.02,0,1.8221751880555555,0,4,Passenger,Low,Airport,North,47.49,0.0,0
DL00319,O00937,D153,V103,H04,2024-04-24 08:08:00,2024-04-25 03:22:25.571685,Failed,1.2,0,0,2.72,10.96,0,19.24043657916667,0,4,Parcel,High,Riverside,South,31.56,15.24043657916667,1
DL00320,O01030,D059,V006,H08,2025-08-29 10:29:00,2025-08-29 14:24:55.246235,OnTime,5.12,1,0,5.0,10.77,0,3.932012843055556,0,6,Parcel,High,Central,West,186.34,0.0,0
DL00321,O00438,D119,V052,H03,2025-12-29 18:51:00,2025-12-29 22:33:53.325115,OnTime,8.71,3,0,4.26,14.34,0,3.7148125319444443,0,4,Business,Low,North,West,27.39,0.0,0
DL00322,O01025,D023,V030,H04,2024-04-29 16:53:00,2024-04-30 08:03:31.403272,Delayed,11.02,1,0,5.0,13.23,0,15.175389797777779,0,6,Parcel,Medium,West,North,75.72,9.175389797777779,1
DL00323,O00666,D011,V107,H04,2025-08-26 20:36:00,2025-08-27 21:37:46.153565,OnTime,24.58,3,0,4.21,18.25,0,25.029487101388888,0,24,Parcel,Low,Airport,Central,185.32,1.029487101388888,1
DL00324,O00455,D042,V059,H07,2024-08-14 04:59:00,2024-08-14 10:11:51.273104,Failed,21.07,1,0,3.21,12.52,0,5.214242528888889,0,6,Passenger,High,Airport,Airport,144.79,0.0,0
DL00325,O00582,D108,V001,H08,2024-11-06 12:05:00,2024-11-06 11:51:52.065126,OnTime,14.87,0,0,5.0,14.0,0,-0.21887079833333334,1,2,Parcel,Medium,South,Central,48.36,0.0,0
DL00326,O00500,D137,V103,H07,2024-07-30 17:04:00,2024-07-31 05:16:59.302762,OnTime,17.24,0,0,4.02,17.18,0,12.216472989444444,0,12,Retail,Low,North,West,64.83,0.21647298944444415,1
DL00327,O00418,D102,V023,H04,2025-11-07 07:55:00,2025-11-07 19:57:47.382670,OnTime,9.17,0,0,4.78,9.88,0,12.04649518611111,0,12,Passenger,Critical,Riverside,South,46.83,0.0464951861111107,1
DL00328,O00060,D009,V072,H02,2024-05-10 18:12:00,2024-05-10 23:00:20.975877,OnTime,4.02,1,0,3.26,8.95,0,4.8058266325000005,0,6,Medical,Critical,North,East,37.52,0.0,0
DL00329,O00805,D100,V047,H08,2025-10-01 20:47:00,2025-10-01 23:37:09.410468,OnTime,1.62,0,0,4.03,11.74,0,2.835947352222222,0,6,Passenger,Low,North,Central,180.16,0.0,0
DL00330,O00246,D049,V026,H04,2024-12-14 03:40:00,2024-12-14 21:45:40.052829,Failed,15.83,1,0,2.59,16.95,0,18.094459119166668,0,4,Parcel,Medium,East,Riverside,68.11,14.094459119166668,1
DL00331,O01059,D005,V036,H07,2025-11-23 22:50:00,2025-11-24 01:57:10.991964,OnTime,12.94,2,0,3.72,15.48,0,3.11971999,0,6,Business,Medium,East,East,19.55,0.0,0
DL00332,O00949,D121,V088,H06,2025-04-15 19:23:00,2025-04-16 22:34:29.222918,Delayed,5.96,1,0,3.42,9.99,0,27.191450810555555,0,24,Medical,Medium,West,West,71.3,3.191450810555555,1
DL00333,O00930,D119,V063,H06,2025-08-20 08:58:00,2025-08-20 16:13:50.998376,Delayed,21.85,0,0,1.76,16.51,0,7.264166215555555,0,4,Retail,High,Central,Riverside,133.79,3.264166215555555,1
DL00334,O00925,D018,V093,H03,2024-11-15 22:49:00,2024-11-16 17:18:41.963453,Failed,17.65,0,1,3.01,12.27,0,18.494989848055557,0,12,Business,Low,South,Airport,162.25,6.494989848055557,1
DL00335,O00347,D082,V069,H05,2025-09-01 08:39:00,2025-09-01 19:54:32.954454,OnTime,12.56,0,0,4.4,15.64,0,11.259154015,0,12,Parcel,Medium,South,South,78.58,0.0,0
DL00336,O00891,D076,V071,H03,2025-02-21 18:25:00,,OnTime,6.82,1,0,3.73,6.0,1,,0,2,Passenger,Medium,Central,Airport,82.47,0.0,0
DL00337,O00659,D116,V100,H06,2024-11-14 19:53:00,2024-11-15 05:59:09.777871,OnTime,23.37,1,0,4.48,14.95,0,10.102716075277778,0,12,Retail,Low,South,North,135.53,0.0,0
DL00338,O00331,D085,V053,H05,2024-02-23 09:42:00,2024-02-23 14:36:51.779770,OnTime,12.27,2,0,4.32,14.93,0,4.9143832694444445,0,6,Parcel,Medium,Riverside,East,36.77,0.0,0
DL00339,O00593,D073,V111,H04,2025-06-22 11:57:00,2025-06-22 16:52:49.829827,Delayed,4.33,0,0,1.57,12.76,0,4.930508285277778,0,1,Passenger,High,Central,Riverside,63.86,3.930508285277778,1
DL00340,O00435,D086,V024,H05,2024-09-19 13:43:00,2024-09-19 14:58:25.664734,OnTime,22.6,0,0,3.8,20.75,0,1.2571290927777778,0,4,Retail,Medium,South,Central,47.28,0.0,0
DL00341,O01203,D050,V037,H07,2024-11-13 21:57:00,2024-11-14 21:39:10.558162,OnTime,2.78,0,0,3.72,12.39,0,23.70293282277778,0,24,Parcel,Medium,West,Riverside,141.68,0.0,0
DL00342,O00123,D028,V090,H08,2024-07-14 07:47:00,2024-07-15 04:17:08.927278,Failed,6.8,0,0,2.47,8.94,0,20.502479799444444,0,2,Retail,High,West,East,21.55,18.502479799444444,1
DL00343,O00505,D015,V012,H04,2025-03-29 21:38:00,2025-03-30 10:54:47.382876,OnTime,34.31,1,0,2.98,15.09,0,13.279828576666668,0,12,Retail,High,Airport,West,84.65,1.2798285766666684,1
DL00344,O00238,D164,V081,H02,2024-08-28 12:22:00,2024-08-28 15:44:24.161498,OnTime,11.63,0,0,5.0,11.55,0,3.3733781938888887,0,4,Parcel,Critical,South,West,192.22,0.0,0
DL00345,O01175,D036,V007,H06,2024-11-04 13:11:00,,OnTime,8.75,1,0,4.22,2.72,1,,0,24,Retail,Low,West,Airport,63.42,0.0,0
DL00346,O00614,D097,V060,H03,2025-02-06 00:08:00,2025-02-05 23:06:08.578620,OnTime,15.26,1,0,3.93,14.52,0,-1.0309503833333333,1,2,Passenger,Medium,West,Riverside,259.73,0.0,0
DL00347,O00343,D026,V030,H03,2024-12-09 02:01:00,2024-12-09 11:31:00.186861,Delayed,15.62,0,1,3.94,18.0,0,9.500051905833335,0,2,Business,Medium,Central,South,81.36,7.500051905833335,1
DL00348,O00754,D098,V062,H01,2024-10-07 23:24:00,2024-10-08 16:07:55.556410,Delayed,2.21,4,0,2.89,13.34,0,16.732099002777776,0,4,Parcel,Medium,Central,Airport,65.19,12.732099002777776,1
DL00349,O00231,D016,V042,H07,2024-12-16 02:23:00,2024-12-16 09:57:31.805029,Delayed,15.82,0,0,2.75,11.11,0,7.5755013969444445,0,6,Passenger,Low,East,South,69.44,1.5755013969444445,1
DL00350,O01209,D019,V017,H06,2025-06-14 03:56:00,2025-06-14 09:51:38.918546,Failed,13.23,1,0,3.05,11.77,0,5.927477373888889,0,2,Parcel,Medium,Riverside,Central,12.79,3.9274773738888893,1
DL00351,O00069,D142,V050,H07,2024-05-19 21:58:00,2024-05-20 09:27:10.018280,OnTime,33.129999999999995,0,0,4.53,22.56,0,11.486116188888888,0,12,Passenger,Medium,Airport,Riverside,103.29,0.0,0
DL00352,O00989,D133,V112,H05,2024-03-08 14:47:00,2024-03-09 06:10:35.262310,Failed,9.57,0,0,2.25,15.47,0,15.393128419444444,0,1,Medical,Medium,North,Central,89.8,14.393128419444444,1
DL00353,O00159,D018,V014,H03,2024-09-14 23:08:00,2024-09-15 09:25:14.900209,OnTime,4.49,0,0,3.9,6.4,0,10.287472280277777,0,12,Parcel,Low,North,South,105.17,0.0,0
DL00354,O00776,D014,V034,H04,2025-03-03 01:09:00,2025-03-03 05:31:01.221882,OnTime,10.43,0,0,4.54,9.64,0,4.3670060783333335,0,4,Parcel,Low,Riverside,East,108.49,0.36700607833333354,1
DL00355,O00561,D162,V106,H07,2025-06-02 10:12:00,2025-06-02 18:34:59.818071,Delayed,7.43,1,0,3.96,12.85,0,8.3832827975,0,4,Retail,High,Central,Airport,86.87,4.3832827975,1
DL00356,O01181,D031,V118,H04,2024-02-24 01:34:00,2024-02-24 05:12:32.309441,OnTime,13.12,0,0,4.84,6.12,0,3.6423081780555555,0,6,Retail,High,West,East,95.57,0.0,0
DL00357,O00235,D134,V030,H08,2025-12-22 12:39:00,2025-12-23 01:10:03.126008,Delayed,14.75,1,0,3.27,7.91,0,12.517535002222221,0,2,Retail,Medium,Central,Central,27.53,10.517535002222221,1
DL00358,O00497,D022,V005,H02,2025-11-22 01:45:00,2025-11-23 02:04:47.304047,Delayed,19.28,1,0,3.57,14.5,0,24.32980667972222,0,12,Medical,Low,South,Central,169.24,12.329806679722221,1
DL00359,O00654,D068,V057,H01,2025-06-18 22:44:00,2025-06-20 08:19:56.137076,Delayed,18.71,1,1,2.94,15.84,0,33.598926965555556,0,24,Parcel,High,Central,Airport,47.22,9.598926965555556,1
DL00360,O00595,D100,V062,H02,2024-03-05 07:09:00,2024-03-06 01:44:19.453287,Delayed,12.5,1,0,2.59,21.14,0,18.588737024166665,0,12,Business,Medium,South,Airport,71.08,6.588737024166665,1
DL00361,O00377,D007,V051,H07,2024-07-22 23:59:00,2024-07-23 12:06:00.358864,OnTime,25.24,0,0,4.4,13.28,0,12.116766351111112,0,12,Retail,Medium,Airport,East,213.06,0.11676635111111189,1
DL00362,O00460,D156,V012,H04,2024-12-09 18:44:00,2024-12-09 19:57:19.363281,OnTime,6.09,0,0,3.51,8.56,0,1.2220453558333333,0,4,Passenger,Low,Central,North,72.35,0.0,0
DL00363,O00710,D069,V090,H07,2025-02-17 14:58:00,2025-02-17 20:44:29.402310,OnTime,19.08,1,0,5.0,17.76,0,5.774833975,0,6,Passenger,Low,South,South,91.43,0.0,0
DL00364,O00277,D056,V014,H04,2024-01-14 01:45:00,2024-01-14 08:12:31.903105,OnTime,23.79,1,0,3.98,11.43,0,6.4588619736111115,0,6,Passenger,Medium,West,Central,107.13,0.4588619736111115,1
DL00365,O00861,D064,V012,H01,2025-09-05 09:13:00,2025-09-05 09:38:01.068912,OnTime,10.33,0,0,4.19,9.22,0,0.41696358666666666,0,2,Passenger,Medium,East,Central,90.82,0.0,0
DL00366,O00910,D146,V095,H06,2025-07-24 04:05:00,2025-07-24 11:38:55.420285,OnTime,17.03,0,0,3.63,18.63,0,7.565394523611111,0,6,Business,Medium,North,North,159.86,1.5653945236111113,1
DL00367,O00575,D128,V106,H02,2025-08-15 07:04:00,2025-08-15 20:10:40.282041,Delayed,3.02,0,0,2.94,16.73,0,13.111189455833333,0,12,Retail,Medium,Riverside,Riverside,30.5,1.1111894558333333,1
DL00368,O00474,D147,V067,H01,2025-03-22 20:07:00,2025-03-22 19:20:56.392732,OnTime,35.4,2,0,3.94,18.88,0,-0.7676686855555556,1,2,Medical,Medium,Airport,Central,283.42,0.0,0
DL00369,O00366,D011,V044,H05,2024-02-12 22:37:00,2024-02-14 06:15:16.530828,Delayed,13.48,0,0,1.44,12.48,0,31.63792523,0,24,Business,High,Central,South,52.46,7.6379252300000005,1
DL00370,O00902,D131,V021,H05,2024-09-22 21:11:00,2024-09-23 05:17:24.341218,Delayed,1.87,3,0,1.24,10.71,0,8.106761449444445,0,6,Parcel,Medium,East,West,70.09,2.106761449444445,1
DL00371,O01079,D158,V069,H03,2024-03-31 08:45:00,2024-04-01 08:18:08.744449,OnTime,17.43,0,0,3.57,10.98,0,23.552429013611114,0,24,Passenger,Medium,South,Riverside,190.5,0.0,0
DL00372,O00300,D087,V090,H02,2024-04-02 01:57:00,2024-04-02 04:31:19.626971,OnTime,6.81,0,0,4.87,8.41,0,2.5721186030555554,0,4,Retail,Low,Riverside,South,33.34,0.0,0
DL00373,O00282,D058,V081,H05,2024-01-20 06:39:00,2024-01-20 23:38:53.202677,Delayed,11.36,0,1,3.2,23.6,0,16.99811185472222,0,6,Parcel,Medium,South,West,207.38,10.998111854722222,1
DL00374,O00841,D090,V061,H01,2025-09-26 21:47:00,2025-09-27 05:08:21.607477,OnTime,23.47,5,0,3.73,14.32,0,7.356002076944445,0,6,Business,Medium,Airport,South,21.71,1.3560020769444447,1
DL00375,O00466,D102,V021,H05,2024-01-07 05:49:00,2024-01-07 11:01:08.925355,OnTime,22.12,1,0,4.22,17.86,0,5.202479265277778,0,6,Business,High,West,Airport,88.87,0.0,0
DL00376,O01104,D090,V114,H04,2024-09-21 17:50:00,2024-09-22 04:54:45.274892,OnTime,6.72,0,0,4.51,5.92,0,11.079243025555556,0,12,Parcel,Low,East,Riverside,55.13,0.0,0
DL00377,O00510,D075,V113,H07,2024-11-23 00:12:00,2024-11-23 15:31:47.790489,Failed,5.45,4,0,2.23,10.45,0,15.3299418025,0,4,Medical,Medium,West,West,170.3,11.3299418025,1
DL00378,O00070,D111,V037,H02,2025-05-13 23:09:00,2025-05-14 15:42:14.054302,Failed,7.92,0,0,2.14,7.93,0,16.55390397277778,0,4,Retail,Low,Central,Airport,165.63,12.553903972777778,1
DL00379,O01127,D018,V020,H02,2024-03-17 03:56:00,,OnTime,17.4,1,0,3.6,14.92,1,,0,1,Retail,Medium,Riverside,Central,104.37,0.0,0
DL00380,O00120,D130,V106,H01,2024-06-16 04:55:00,2024-06-16 10:04:33.075437,OnTime,39.900000000000006,2,0,3.71,19.33,0,5.159187621388889,0,6,Passenger,Medium,Airport,North,85.27,0.0,0
DL00381,O00488,D015,V005,H05,2025-08-29 19:57:00,2025-08-30 01:45:13.017030,OnTime,11.24,0,0,5.0,10.97,0,5.803615841666667,0,4,Medical,Low,North,South,111.27,1.8036158416666668,1
DL00382,O00141,D163,V021,H02,2024-12-05 21:45:00,2024-12-05 20:24:16.997321,OnTime,7.31,0,0,4.39,11.68,0,-1.3452785219444445,1,1,Business,High,North,South,83.09,0.0,0
DL00383,O00846,D057,V017,H08,2025-07-27 23:24:00,2025-07-28 06:19:36.333860,Delayed,9.53,1,1,2.92,9.76,0,6.926759405555555,0,2,Parcel,High,East,East,117.43,4.926759405555555,1
DL00384,O00618,D017,V054,H05,2025-11-19 13:06:00,2025-11-20 14:27:52.039382,Failed,14.52,4,0,2.82,10.94,0,25.364455383888888,0,12,Parcel,Medium,Central,South,41.64,13.364455383888888,1
DL00385,O00617,D123,V086,H08,2024-03-30 09:37:00,2024-03-30 08:15:11.016084,OnTime,17.51,1,0,4.44,14.04,0,-1.3636066433333334,1,1,Medical,Medium,Central,Riverside,77.56,0.0,0
DL00386,O00135,D144,V002,H05,2025-04-25 03:12:00,2025-04-26 22:39:24.905513,Failed,1.21,1,0,3.35,13.97,0,43.456918198055554,0,24,Passenger,Low,Riverside,North,118.96,19.456918198055554,1
DL00387,O00274,D016,V017,H01,2025-10-03 21:33:00,2025-10-05 15:40:35.899437,Failed,11.96,0,0,2.85,11.86,0,42.1266387325,0,24,Passenger,High,North,West,90.93,18.1266387325,1
DL00388,O00886,D088,V086,H05,2024-12-11 11:37:00,2024-12-11 14:15:40.274228,OnTime,10.71,1,0,4.64,9.36,0,2.644520618888889,0,1,Passenger,Low,East,Central,88.24,1.644520618888889,1
DL00389,O00649,D054,V065,H01,2025-03-02 03:12:00,2025-03-02 07:50:19.231032,OnTime,12.41,1,0,4.57,12.55,0,4.6386752866666665,0,4,Parcel,Low,East,Riverside,30.88,0.6386752866666665,1
DL00390,O01242,D013,V052,H02,2025-09-08 23:34:00,2025-09-08 22:52:36.699661,OnTime,12.86,0,0,4.75,11.06,0,-0.6898056497222222,1,1,Business,Low,Central,Riverside,284.98,0.0,0
DL00391,O00242,D119,V060,H06,2024-11-05 05:50:00,2024-11-05 08:19:49.718245,OnTime,20.65,0,0,3.63,15.9,0,2.4971439569444445,0,1,Retail,High,Central,West,42.77,1.4971439569444445,1
DL00392,O00832,D063,V021,H04,2024-06-06 15:50:00,2024-06-07 05:31:03.475456,Delayed,4.77,1,1,1.15,12.67,0,13.684298737777778,0,6,Parcel,Low,Central,Airport,99.75,7.6842987377777785,1
DL00393,O01128,D108,V060,H04,2024-03-12 19:57:00,2024-03-13 03:36:11.659720,Failed,13.97,1,0,3.11,5.79,0,7.653238811111111,0,6,Passenger,Medium,West,Airport,12.73,1.6532388111111107,1
DL00394,O00718,D145,V079,H02,2025-02-27 04:58:00,2025-02-27 07:05:30.365586,OnTime,15.43,0,0,4.14,8.78,0,2.1251015516666665,0,2,Passenger,Low,West,Airport,144.45,0.12510155166666648,1
DL00395,O00219,D012,V072,H06,2024-05-30 02:33:00,2024-05-30 04:15:54.426350,OnTime,10.75,0,0,4.29,6.99,0,1.7151184305555556,0,2,Passenger,Medium,East,South,62.84,0.0,0
DL00396,O01093,D105,V063,H06,2024-10-30 00:23:00,2024-10-30 09:36:43.398508,OnTime,14.79,2,0,4.55,21.09,0,9.228721807777777,0,12,Retail,Low,Riverside,West,38.72,0.0,0
DL00397,O01199,D125,V049,H04,2024-03-10 16:57:00,2024-03-10 19:12:57.054704,Delayed,10.5,2,0,4.61,9.36,0,2.2658485288888888,0,1,Business,Medium,Central,West,119.36,1.2658485288888888,1
DL00398,O00671,D106,V099,H05,2025-01-24 17:36:00,2025-01-24 23:28:38.031355,Delayed,1.2,1,0,3.08,9.73,0,5.877230931944444,0,1,Retail,Medium,North,North,118.56,4.877230931944444,1
DL00399,O00966,D129,V107,H08,2025-04-17 00:14:00,2025-04-17 16:46:22.816860,Delayed,5.64,1,0,2.38,12.78,0,16.53967135,0,12,Retail,High,Central,Central,29.24,4.539671349999999,1
DL00400,O00867,D165,V037,H06,2024-02-01 22:23:00,2024-02-02 20:40:14.586855,Failed,25.59,2,0,2.48,16.84,0,22.2873852375,0,6,Parcel,Low,Riverside,Central,34.43,16.2873852375,1
DL00401,O00870,D067,V009,H08,2024-10-27 15:49:00,2024-10-28 00:42:45.072317,OnTime,10.23,0,0,4.47,6.79,0,8.895853421388889,0,12,Passenger,High,South,Airport,144.13,0.0,0
DL00402,O00539,D037,V005,H03,2024-12-04 02:08:00,2024-12-04 04:09:15.722168,OnTime,10.83,0,0,5.0,9.69,0,2.0210339355555558,0,6,Business,High,Central,East,167.91,0.0,0
DL00403,O00044,D131,V092,H07,2025-11-02 10:07:00,2025-11-02 12:43:42.885570,OnTime,11.6,1,0,4.58,13.74,0,2.6119126583333334,0,4,Business,Medium,West,Riverside,61.45,0.0,0
DL00404,O00502,D049,V025,H02,2024-04-03 03:48:00,2024-04-03 04:25:17.871676,OnTime,7.84,0,0,3.14,11.38,0,0.6216310211111111,0,4,Parcel,Medium,Riverside,South,61.9,0.0,0
DL00405,O00684,D052,V116,H01,2024-11-24 16:21:00,2024-11-25 13:22:50.972127,OnTime,12.83,0,0,4.325,16.99,0,21.030825590833334,0,24,Parcel,High,Central,Airport,81.01,0.0,0
DL00406,O00720,D126,V006,H01,2024-08-29 21:02:00,2024-08-29 20:33:10.585204,OnTime,29.85,1,0,5.0,15.78,0,-0.4803929988888889,1,2,Business,High,Airport,Airport,111.88,0.0,0
DL00407,O00598,D010,V068,H06,2025-10-29 01:00:00,2025-10-29 22:58:05.130431,OnTime,6.92,0,0,4.04,10.86,0,21.96809178638889,0,24,Retail,Medium,Riverside,Central,201.88,0.0,0
DL00408,O01019,D071,V057,H08,2024-04-16 01:49:00,2024-04-16 04:58:04.426005,OnTime,8.49,0,0,3.3,8.4,0,3.151229445833333,0,4,Parcel,High,West,East,206.52,0.0,0
DL00409,O00348,D047,V094,H04,2025-03-17 00:31:00,2025-03-16 22:30:00.000000,OnTime,8.1,0,0,2.89,10.1,0,-2.0166666666666666,1,2,Parcel,High,North,South,58.25,0.0,0
DL00410,O00249,D042,V004,H05,2024-11-07 21:14:00,2024-11-08 03:32:06.075323,Delayed,5.13,3,0,4.44,9.64,0,6.301687589722222,0,2,Business,Critical,Central,West,218.68,4.301687589722222,1
DL00411,O00108,D122,V065,H01,2024-11-30 15:03:00,2024-11-30 22:46:22.839111,OnTime,11.22,0,0,4.68,5.75,0,7.723010864166667,0,12,Medical,Medium,West,East,70.18,0.0,0
DL00412,O00156,D025,V114,H02,2024-04-24 08:07:00,2024-04-24 13:40:54.128195,OnTime,8.68,0,0,4.63,8.76,0,5.565035609722223,0,6,Parcel,Medium,West,North,68.58,0.0,0
DL00413,O01077,D046,V035,H01,2024-08-30 00:32:00,2024-08-30 11:34:46.079286,Failed,6.34,1,0,4.22,10.75,0,11.046133135,0,4,Retail,Low,North,Riverside,130.85,7.046133135,1
DL00414,O00704,D002,V083,H02,2024-03-12 18:01:00,2024-03-12 20:55:25.078529,OnTime,8.47,1,0,5.0,14.75,0,2.9069662580555558,0,4,Retail,High,North,North,141.29,0.0,0
DL00415,O01145,D116,V031,H03,2024-02-22 02:27:00,2024-02-23 02:36:12.176009,OnTime,13.31,0,0,4.23,10.05,0,24.153382224722222,0,24,Passenger,Medium,East,North,301.38,0.15338222472222185,1
DL00416,O00293,D067,V059,H04,2025-04-09 18:24:00,2025-04-10 00:16:42.565598,OnTime,4.61,1,0,4.01,10.53,0,5.878490443888889,0,6,Parcel,Critical,Central,East,67.89,0.0,0
DL00417,O00615,D054,V085,H04,2025-02-08 21:37:00,2025-02-08 23:17:10.791004,OnTime,13.05,0,0,4.08,18.58,0,1.6696641677777777,0,1,Parcel,High,West,West,44.37,0.6696641677777777,1
DL00418,O00075,D167,V019,H06,2024-11-02 06:29:00,2024-11-02 08:58:56.396803,OnTime,4.73,1,0,5.0,10.5,0,2.4989991119444444,0,2,Business,Medium,North,East,85.65,0.49899911194444435,1
DL00419,O00782,D043,V109,H06,2024-04-17 03:24:00,2024-04-17 05:51:51.721133,OnTime,12.37,0,0,5.0,12.37,0,2.4643669813888884,0,2,Passenger,Medium,South,South,37.19,0.46436698138888843,1
DL00420,O00412,D093,V078,H05,2024-10-08 14:08:00,2024-10-08 18:14:08.619955,OnTime,10.0,0,0,4.12,9.3,0,4.102394431944444,0,6,Passenger,Critical,North,Airport,54.76,0.0,0
DL00421,O00286,D026,V039,H02,2025-07-05 22:02:00,2025-07-06 03:09:23.122074,OnTime,17.73,1,0,4.49,8.92,0,5.123089465,0,6,Business,Low,West,East,84.75,0.0,0
DL00422,O01178,D135,V066,H01,2024-01-13 23:04:00,2024-01-13 23:29:03.604429,OnTime,14.18,0,0,4.88,10.37,0,0.41766789694444445,0,4,Medical,Critical,West,Riverside,2.04,0.0,0
DL00423,O01245,D113,V110,H05,2025-10-05 16:04:00,2025-10-05 14:27:00.000000,OnTime,22.08,1,0,4.11,10.84,0,-1.6166666666666667,1,2,Retail,High,Airport,Airport,24.93,0.0,0
DL00424,O00503,D061,V007,H08,2024-08-18 00:53:00,2024-08-18 03:41:51.773806,OnTime,8.14,1,0,5.0,14.49,0,2.8143816127777774,0,6,Passenger,Low,Central,Riverside,41.14,0.0,0
DL00425,O00564,D070,V090,H04,2024-09-03 00:37:00,2024-09-03 11:49:53.800069,OnTime,13.09,1,0,4.82,4.86,0,11.21494446361111,0,12,Retail,Medium,North,Central,59.68,0.0,0
DL00426,O00814,D150,V053,H05,2025-03-26 04:54:00,2025-03-26 14:37:28.110426,OnTime,12.88,1,0,4.57,19.14,0,9.724475118333332,0,12,Passenger,Medium,East,Riverside,27.9,0.0,0
DL00427,O00414,D165,V058,H07,2025-04-05 22:47:00,2025-04-06 01:32:54.763589,OnTime,9.53,0,0,3.92,9.98,0,2.7652121080555556,0,6,Parcel,Medium,South,West,283.98,0.0,0
DL00428,O00496,D109,V073,H07,2024-06-17 16:14:00,2024-06-17 19:20:06.689019,OnTime,10.72,0,0,4.32,7.53,0,3.101858060833333,0,4,Passenger,Critical,South,Airport,117.66,0.0,0
DL00429,O00738,D030,V021,H07,2024-11-28 07:27:00,2024-11-28 18:58:36.387688,Delayed,41.94,3,1,2.92,21.55,0,11.526774357777779,0,2,Retail,High,Airport,West,66.54,9.526774357777779,1
DL00430,O00779,D025,V065,H01,2025-07-25 14:03:00,2025-07-26 11:55:38.678980,OnTime,12.92,0,0,5.0,11.78,0,21.877410827777776,0,24,Retail,Critical,Riverside,Central,69.68,0.0,0
DL00431,O00737,D164,V082,H01,2024-03-14 04:04:00,2024-03-14 04:29:01.839885,OnTime,10.56,1,0,4.7,16.33,0,0.41717774583333334,0,2,Retail,Medium,Central,Central,117.82,0.0,0
DL00432,O00658,D119,V011,H05,2025-07-24 13:29:00,2025-07-25 06:07:11.345733,Failed,14.42,0,0,4.06,19.62,0,16.636484925833333,0,12,Retail,Medium,North,North,68.43,4.636484925833333,1
DL00433,O00148,D133,V056,H01,2025-04-03 23:41:00,2025-04-03 23:45:53.664975,OnTime,14.34,2,0,2.92,12.9,0,0.08157360416666667,0,2,Medical,High,East,East,86.3,0.0,0
DL00434,O00395,D031,V063,H04,2024-09-28 10:53:00,2024-09-28 18:08:55.461530,Delayed,16.69,0,1,3.34,16.51,0,7.265405980555555,0,1,Passenger,Medium,West,East,20.16,6.265405980555555,1
DL00435,O00198,D129,V087,H08,2024-09-13 18:46:00,2024-09-13 22:25:00.821660,OnTime,10.63,0,0,5.0,4.82,0,3.650228238888889,0,2,Parcel,Low,West,Central,21.51,1.650228238888889,1
DL00436,O01063,D034,V076,H04,2024-07-27 22:20:00,2024-07-28 11:09:31.719472,OnTime,9.89,0,0,4.0,12.8,0,12.825477631111111,0,12,Retail,Medium,East,Riverside,47.11,0.8254776311111112,1
DL00437,O01223,D167,V120,H05,2025-01-11 00:36:00,2025-01-11 12:06:30.146218,OnTime,13.43,0,0,4.8,11.05,0,11.508373949444445,0,12,Parcel,Medium,East,Riverside,97.73,0.0,0
DL00438,O00992,D083,V078,H04,2024-03-08 16:52:00,2024-03-09 09:52:27.867914,Failed,27.82,1,0,3.12,15.69,0,17.00774108722222,0,4,Retail,High,Central,South,54.25,13.007741087222222,1
DL00439,O00983,D117,V026,H07,2024-08-20 00:58:00,2024-08-20 12:12:47.434727,Delayed,13.81,1,1,3.68,19.27,0,11.246509646388889,0,4,Passenger,Medium,Central,North,122.09,7.246509646388889,1
DL00440,O00758,D028,V046,H03,2024-02-26 13:10:00,2024-02-26 22:13:07.503199,Delayed,10.74,4,0,3.54,9.77,0,9.052084221944444,0,6,Parcel,Low,East,West,144.81,3.052084221944444,1
DL00441,O00014,D141,V068,H01,2024-08-25 12:01:00,2024-08-25 15:01:44.356021,OnTime,8.82,0,0,4.7,7.36,0,3.0123211169444444,0,6,Passenger,Low,Central,Central,90.96,0.0,0
DL00442,O01090,D150,V099,H02,2025-09-11 20:27:00,2025-09-12 18:27:20.507484,OnTime,8.63,1,0,4.98,6.69,0,22.005696523333334,0,24,Medical,Critical,South,Airport,58.6,0.0,0
DL00443,O01170,D070,V097,H06,2024-01-01 08:44:00,2024-01-01 16:11:11.563209,OnTime,3.65,0,0,3.34,12.85,0,7.4532120025,0,6,Passenger,Low,Central,West,104.64,1.4532120025,1
DL00444,O01221,D017,V109,H05,2024-04-13 09:44:00,2024-04-14 02:35:05.556300,Failed,11.43,0,0,3.0,9.78,0,16.851543416666665,0,4,Passenger,Medium,East,Central,183.7,12.851543416666665,1
DL00445,O00055,D074,V008,H03,2025-05-31 02:19:00,2025-05-31 06:24:33.541055,Delayed,37.02,0,0,3.55,21.88,0,4.092650293055556,0,2,Retail,Medium,Airport,Riverside,73.7,2.0926502930555557,1
DL00446,O00903,D002,V069,H07,2025-10-21 01:25:00,2025-10-21 07:22:35.310698,Delayed,8.25,1,0,2.26,10.76,0,5.959808527222222,0,4,Parcel,Low,Central,East,18.78,1.959808527222222,1
DL00447,O00812,D070,V043,H01,2025-04-12 19:06:00,2025-04-13 16:08:07.919948,OnTime,9.36,1,0,4.55,9.47,0,21.035533318888888,0,24,Parcel,Medium,West,Airport,55.92,0.0,0
DL00448,O01033,D101,V108,H03,2024-08-30 13:56:00,2024-08-30 13:47:00.000000,OnTime,11.14,0,0,4.65,14.25,0,-0.15,1,1,Medical,Low,West,Central,11.57,0.0,0
DL00449,O00454,D047,V025,H07,2025-04-15 03:39:00,2025-04-15 16:29:42.050340,OnTime,14.65,0,0,4.58,12.62,0,12.845013983333335,0,12,Medical,Medium,West,North,51.66,0.8450139833333346,1
DL00450,O01161,D049,V108,H06,2025-05-17 04:32:00,2025-05-18 01:37:48.885017,Failed,10.61,1,0,3.99,12.55,0,21.09691250472222,0,4,Passenger,High,Riverside,North,32.02,17.09691250472222,1
DL00451,O01188,D145,V114,H01,2024-06-25 12:25:00,2024-06-25 12:45:53.535355,OnTime,11.19,0,0,3.58,14.22,0,0.34820426527777776,0,1,Parcel,Critical,Central,West,83.85,0.0,0
DL00452,O00468,D125,V051,H01,2024-03-29 12:52:00,2024-03-29 14:01:48.798026,OnTime,8.52,1,0,3.65,12.49,0,1.1635550072222223,0,2,Retail,Medium,East,South,22.82,0.0,0
DL00453,O00248,D130,V007,H06,2024-03-22 18:52:00,2024-03-22 23:50:03.774317,OnTime,11.9,1,0,4.325,8.88,0,4.967715088055556,0,4,Passenger,Medium,South,Airport,16.18,0.9677150880555558,1
DL00454,O00408,D102,V088,H04,2024-09-14 14:20:00,2024-09-15 12:01:49.742714,OnTime,8.57,0,0,3.94,18.59,0,21.69715075388889,0,24,Parcel,High,North,West,58.75,0.0,0
DL00455,O00914,D094,V098,H01,2024-04-12 08:41:00,2024-04-12 12:45:47.285486,OnTime,10.3,1,0,4.14,7.0,0,4.079801523888889,0,6,Retail,Medium,South,North,217.46,0.0,0
DL00456,O00157,D037,V035,H02,2024-09-16 20:38:00,2024-09-16 22:39:02.594617,OnTime,26.36,0,0,4.83,10.84,0,2.017387393611111,0,2,Business,Low,Airport,North,60.52,0.01738739361111108,1
DL00457,O00092,D110,V099,H06,2025-04-24 17:52:00,2025-04-24 20:46:39.551014,OnTime,14.85,2,0,4.55,10.8,0,2.910986392777778,0,6,Retail,Medium,South,East,56.53,0.0,0
DL00458,O00172,D109,V119,H05,2025-01-17 19:21:00,2025-01-18 10:08:30.423180,Delayed,6.39,0,0,3.34,10.15,0,14.791784216666667,0,4,Passenger,High,East,West,108.19,10.791784216666667,1
DL00459,O00831,D005,V084,H01,2025-02-27 09:04:00,2025-02-27 19:44:33.695510,Failed,9.02,2,0,2.73,7.17,0,10.676026530555555,0,4,Business,Medium,Riverside,Central,130.28,6.676026530555555,1
DL00460,O00522,D026,V103,H05,2024-02-09 11:26:00,2024-02-10 12:31:24.364078,OnTime,14.04,1,0,3.86,13.03,0,25.09010113277778,0,24,Passenger,Medium,Riverside,Central,152.25,1.0901011327777788,1
DL00461,O00862,D089,V006,H08,2025-01-29 15:08:00,2025-01-29 16:46:22.767038,OnTime,18.99,0,0,4.06,16.11,0,1.6396575105555555,0,4,Retail,Medium,East,North,84.14,0.0,0
DL00462,O00099,D131,V058,H04,2025-10-04 22:47:00,2025-10-05 08:13:05.592425,OnTime,16.049999999999997,4,0,4.99,15.19,0,9.434886784722224,0,12,Retail,Low,Airport,East,75.64,0.0,0
DL00463,O00271,D102,V023,H07,2025-09-17 00:16:00,2025-09-17 03:09:39.905714,OnTime,8.97,0,0,3.56,12.95,0,2.894418253888889,0,4,Passenger,Critical,West,Central,192.54,0.0,0
DL00464,O01124,D017,V016,H04,2024-05-02 17:53:00,2024-05-02 19:40:27.608348,OnTime,16.51,0,0,3.76,9.45,0,1.7910023188888888,0,4,Business,High,Riverside,South,148.02,0.0,0
DL00465,O00820,D080,V074,H08,2024-05-01 18:26:00,2024-05-01 22:52:34.351693,OnTime,11.27,0,0,4.84,13.89,0,4.4428754702777775,0,6,Passenger,Low,Riverside,North,231.32,0.0,0
DL00466,O00183,D098,V007,H01,2024-09-02 14:06:00,2024-09-02 13:58:40.175324,OnTime,3.81,0,0,5.0,10.68,0,-0.12217352111111111,1,4,Business,Critical,South,Riverside,11.5,0.0,0
DL00467,O00511,D078,V067,H05,2024-06-06 11:55:00,2024-06-07 08:33:53.897421,OnTime,14.94,1,0,3.76,7.49,0,20.648304839166666,0,24,Parcel,High,West,West,150.89,0.0,0
DL00468,O00519,D150,V022,H03,2025-04-20 06:37:00,2025-04-20 05:10:00.000000,OnTime,19.78,0,0,3.78,19.89,0,-1.45,1,2,Passenger,Low,South,Riverside,47.89,0.0,0
DL00469,O00458,D027,V042,H03,2025-04-10 03:03:00,2025-04-11 05:15:10.466183,Delayed,12.11,0,0,3.8,16.42,0,26.202907273055555,0,12,Parcel,High,Central,East,87.24,14.202907273055555,1
DL00470,O00562,D004,V120,H08,2024-07-21 10:43:00,2024-07-21 14:49:27.695889,OnTime,3.36,2,0,3.97,13.27,0,4.1076933025,0,4,Passenger,Medium,East,West,241.72,0.10769330250000042,1
DL00471,O01049,D088,V068,H01,2025-10-17 08:34:00,2025-10-17 18:06:53.601277,OnTime,17.09,1,0,4.21,16.47,0,9.548222576944445,0,12,Retail,Medium,West,West,69.8,0.0,0
DL00472,O00042,D113,V046,H01,2025-12-01 19:10:00,2025-12-03 08:16:03.110618,Delayed,10.28,0,0,3.59,5.13,0,37.10086406055556,0,24,Retail,Medium,Riverside,Central,133.72,13.100864060555558,1
DL00473,O00180,D105,V071,H07,2024-12-29 08:17:00,2024-12-30 05:50:08.150454,OnTime,14.15,7,0,4.01,6.22,0,21.552264015000002,0,24,Parcel,Low,Central,North,54.32,0.0,0
DL00474,O00067,D004,V017,H04,2025-02-25 03:48:00,2025-02-25 07:16:13.969650,OnTime,2.66,0,0,4.36,9.21,0,3.470547125,0,6,Passenger,Critical,West,West,131.1,0.0,0
DL00475,O01121,D074,V027,H07,2024-06-03 08:50:00,2024-06-03 17:50:35.358594,OnTime,3.63,2,0,4.29,9.74,0,9.009821831666667,0,12,Retail,High,Central,South,73.49,0.0,0
DL00476,O00849,D094,V035,H07,2024-05-06 00:48:00,2024-05-06 14:59:17.100441,Delayed,15.93,1,0,4.07,10.87,0,14.188083455833334,0,4,Passenger,High,Airport,North,230.22,10.188083455833334,1
DL00477,O00613,D162,V002,H03,2025-12-02 22:57:00,2025-12-03 10:47:11.610255,Delayed,25.16,1,0,3.2,23.03,0,11.836558404166666,0,4,Retail,Low,Airport,Central,84.48,7.8365584041666665,1
DL00478,O00947,D133,V109,H05,2024-01-31 17:32:00,2024-02-01 03:51:28.208192,Delayed,9.6,2,0,1.46,11.77,0,10.324502275555554,0,4,Passenger,High,North,North,89.52,6.324502275555554,1
DL00479,O00533,D091,V047,H01,2024-11-03 02:54:00,2024-11-03 19:36:46.278515,Delayed,3.46,0,0,1.0,14.35,0,16.712855143055556,0,4,Retail,Medium,Central,North,74.26,12.712855143055556,1
DL00480,O00978,D119,V044,H07,2025-09-11 07:01:00,2025-09-12 01:49:05.346029,OnTime,24.44,0,0,4.53,8.9,0,18.801485008055554,0,24,Parcel,High,Riverside,Central,124.25,0.0,0
DL00481,O01095,D077,V086,H04,2024-03-14 17:15:00,2024-03-14 20:29:07.930187,OnTime,16.16,1,0,3.89,22.66,0,3.2355361630555555,0,6,Business,High,South,Airport,23.65,0.0,0
DL00482,O00777,D141,V118,H02,2025-10-19 00:12:00,2025-10-19 22:22:41.203962,Failed,11.35,1,1,2.32,18.23,0,22.178112211666665,0,6,Retail,High,East,Riverside,14.64,16.178112211666665,1
DL00483,O00036,D135,V017,H06,2024-11-06 05:51:00,2024-11-06 11:52:01.051436,Delayed,8.41,0,1,4.57,9.29,0,6.016958732222222,0,4,Parcel,Medium,Riverside,North,73.14,2.016958732222222,1
DL00484,O00437,D144,V079,H02,2025-09-25 07:59:00,2025-09-25 13:47:34.696350,OnTime,21.25,2,0,3.95,12.17,0,5.809637875,0,4,Retail,Medium,Airport,Riverside,98.88,1.809637875,1
DL00485,O00449,D121,V061,H03,2025-06-08 03:10:00,2025-06-08 01:22:24.218429,OnTime,16.11,1,0,1.99,12.64,0,-1.7932726586111112,1,2,Passenger,Low,North,Airport,102.53,0.0,0
DL00486,O00306,D052,V114,H01,2024-06-14 17:09:00,2024-06-15 05:57:57.188614,Failed,14.52,0,1,4.61,14.81,0,12.81588572611111,0,4,Passenger,Low,North,North,42.22,8.81588572611111,1
DL00487,O01111,D054,V027,H03,2024-11-15 00:10:00,2024-11-15 04:17:33.739828,OnTime,12.36,0,0,4.26,12.09,0,4.126038841111111,0,6,Retail,Low,South,North,18.03,0.0,0
DL00488,O01053,D038,V014,H08,2025-10-23 03:57:00,2025-10-23 08:18:12.147470,OnTime,3.33,0,0,4.325,10.75,0,4.3533742972222225,0,6,Passenger,Low,East,West,285.05,0.0,0
DL00489,O00911,D130,V112,H02,2025-05-20 23:09:00,2025-05-21 00:26:05.202498,OnTime,12.53,1,0,3.28,16.53,0,1.2847784716666666,0,4,Retail,High,Riverside,Central,24.34,0.0,0
DL00490,O00701,D039,V035,H04,2025-12-15 21:19:00,2025-12-16 19:49:17.202716,Failed,1.65,1,0,4.24,10.31,0,22.504778532222222,0,4,Parcel,Medium,East,Riverside,19.97,18.504778532222222,1
DL00491,O00181,D124,V113,H08,2024-12-16 02:36:00,2024-12-16 03:51:28.734813,OnTime,33.46,3,0,4.46,16.73,0,1.2579818925,0,2,Retail,Critical,Airport,Airport,108.19,0.0,0
DL00492,O00035,D100,V108,H06,2024-06-14 15:50:00,2024-06-15 05:51:47.019652,Failed,9.55,0,0,1.99,9.2,0,14.029727681111112,0,4,Business,Medium,North,Central,209.07,10.029727681111112,1
DL00493,O00803,D017,V070,H03,2025-08-09 20:37:00,2025-08-09 23:43:05.330497,OnTime,4.68,0,0,4.83,11.06,0,3.1014806936111112,0,6,Retail,High,East,Airport,60.3,0.0,0
DL00494,O00322,D072,V058,H08,2025-03-11 22:48:00,2025-03-12 01:38:13.776857,OnTime,14.05,2,0,4.29,11.2,0,2.8371602380555556,0,4,Business,High,Central,South,61.55,0.0,0
DL00495,O01189,D129,V006,H05,2024-05-23 01:38:00,2024-05-23 04:12:11.690549,OnTime,33.39,2,0,4.94,19.23,0,2.569914041388889,0,6,Parcel,Low,Airport,Riverside,129.6,0.0,0
DL00496,O00622,D142,V102,H02,2024-04-23 18:22:00,2024-04-24 16:12:08.253404,OnTime,7.97,2,0,4.18,11.59,0,21.835625945555556,0,24,Passenger,High,Central,Central,48.84,0.0,0
DL00497,O00192,D083,V116,H08,2025-08-18 14:17:00,2025-08-20 03:34:36.170242,Failed,12.14,1,0,3.23,11.88,0,37.293380622777775,0,24,Retail,High,Central,North,83.79,13.293380622777775,1
DL00498,O01205,D091,V018,H08,2024-12-20 02:21:00,2024-12-20 05:11:42.324554,OnTime,8.6,0,0,3.75,2.93,0,2.845090153888889,0,4,Parcel,Low,West,North,65.7,0.0,0
DL00499,O01144,D053,V038,H01,2025-02-07 22:48:00,2025-02-08 17:25:46.790590,Delayed,10.41,0,0,3.5,10.6,0,18.62966405277778,0,4,Passenger,Medium,Riverside,South,17.71,14.62966405277778,1
DL00500,O00556,D017,V063,H02,2024-09-01 03:37:00,2024-09-01 05:39:15.173184,OnTime,6.73,1,0,3.72,11.11,0,2.0375481066666667,0,2,Business,Medium,Riverside,Airport,101.94,0.03754810666666675,1
DL00501,O01211,D114,V087,H06,2025-11-12 07:51:00,2025-11-13 07:44:27.569654,OnTime,9.66,0,0,4.47,15.25,0,23.890991570555556,0,24,Medical,Medium,South,South,17.36,0.0,0
DL00502,O01190,D114,V026,H03,2025-11-24 18:47:00,2025-11-24 23:48:20.579555,OnTime,9.61,3,0,3.78,6.03,0,5.022383209722222,0,4,Parcel,High,East,Central,34.37,1.0223832097222223,1
DL00503,O00760,D154,V014,H07,2024-03-14 23:28:00,2024-03-15 20:48:21.177033,OnTime,12.95,0,0,3.97,10.7,0,21.3392158425,0,24,Medical,Low,South,West,108.03,0.0,0
DL00504,O00679,D023,V098,H08,2024-11-15 04:30:00,2024-11-16 02:36:46.022359,OnTime,6.55,1,0,5.0,12.11,0,22.11278398861111,0,24,Medical,High,West,South,74.53,0.0,0
DL00505,O00833,D170,V017,H08,2025-05-05 04:31:00,2025-05-05 20:10:37.600890,Failed,12.0,3,1,2.71,12.22,0,15.660444691666667,0,2,Parcel,Medium,Central,Riverside,141.48,13.660444691666667,1
DL00506,O00094,D077,V079,H05,2024-09-27 03:56:00,2024-09-27 16:59:08.774450,Delayed,17.369999999999997,2,0,3.11,9.14,0,13.052437347222222,0,6,Parcel,Medium,Airport,North,62.08,7.052437347222222,1
DL00507,O00396,D021,V030,H07,2025-04-30 00:13:00,,Delayed,15.18,2,0,2.53,10.76,1,,0,12,Retail,Medium,Central,East,63.67,0.0,0
DL00508,O00161,D015,V025,H03,2024-08-19 19:52:00,2024-08-20 07:24:22.258983,OnTime,12.14,0,0,4.66,14.06,0,11.539516384166667,0,12,Parcel,High,South,Airport,123.09,0.0,0
DL00509,O00719,D116,V086,H01,2024-01-04 19:33:00,2024-01-05 05:38:11.606195,Delayed,16.37,0,0,1.0,11.37,0,10.08655727638889,0,2,Passenger,Low,West,Central,11.54,8.08655727638889,1
DL00510,O00359,D057,V004,H01,2024-08-17 23:15:00,2024-08-18 20:50:19.862546,OnTime,12.07,0,0,4.04,18.19,0,21.588850707222225,0,24,Passenger,High,East,Central,134.58,0.0,0
DL00511,O01237,D123,V083,H05,2025-12-30 09:00:00,2025-12-31 04:46:44.532285,Delayed,9.94,0,0,1.37,10.76,0,19.77903674583333,0,12,Parcel,High,Central,East,195.64,7.779036745833331,1
DL00512,O00224,D040,V029,H07,2024-05-22 23:18:00,2024-05-24 08:58:29.649915,Delayed,8.4,3,1,3.51,11.49,0,33.674902754166666,0,24,Parcel,High,North,Central,46.15,9.674902754166666,1
DL00513,O00420,D168,V043,H02,2025-01-25 09:44:00,2025-01-25 21:24:13.161385,Delayed,12.02,0,0,3.75,18.86,0,11.670322606944444,0,4,Business,Low,Riverside,East,40.04,7.670322606944444,1
DL00514,O01250,D165,V052,H03,2024-06-28 09:25:00,2024-06-28 15:00:52.039877,Delayed,10.32,3,0,2.35,7.89,0,5.597788854722222,0,1,Retail,High,North,East,128.53,4.597788854722222,1
DL00515,O00619,D130,V005,H04,2025-09-01 14:52:00,2025-09-02 00:12:38.168449,Failed,17.55,3,1,3.24,21.0,0,9.343935680277777,0,1,Retail,Medium,Central,North,86.7,8.343935680277777,1
DL00516,O00337,D141,V117,H01,2024-11-05 06:45:00,2024-11-05 16:55:42.237731,Delayed,21.23,2,0,1.57,10.77,0,10.178399369722223,0,6,Retail,Critical,West,Airport,68.13,4.178399369722223,1
DL00517,O00509,D104,V088,H08,2024-08-26 19:01:00,2024-08-26 19:33:26.376954,OnTime,14.73,4,0,4.99,16.75,0,0.540660265,0,1,Retail,Medium,East,Central,160.38,0.0,0
DL00518,O00984,D041,V024,H06,2025-04-15 00:21:00,2025-04-15 04:48:27.290762,OnTime,15.41,0,0,4.92,19.09,0,4.457580767222223,0,6,Parcel,Medium,East,West,79.05,0.0,0
DL00519,O00446,D096,V065,H07,2025-03-22 14:42:00,2025-03-22 21:54:23.825692,OnTime,29.8,2,0,4.325,10.84,0,7.206618247777778,0,12,Passenger,Medium,Airport,East,233.36,0.0,0
DL00520,O00429,D055,V040,H01,2025-03-09 11:12:00,2025-03-09 21:37:26.844290,Delayed,3.14,1,0,3.03,11.42,0,10.42412341388889,0,1,Passenger,Medium,Riverside,South,20.27,9.42412341388889,1
DL00521,O00606,D038,V036,H08,2025-10-17 17:03:00,,Failed,5.35,2,0,2.51,7.1,1,,0,1,Medical,High,Central,West,37.75,0.0,0
DL00522,O00296,D129,V013,H04,2024-01-10 19:26:00,2024-01-11 00:39:30.858716,OnTime,10.01,0,0,4.54,8.94,0,5.225238532222222,0,6,Retail,Medium,South,North,10.85,0.0,0
DL00523,O00714,D026,V076,H01,2024-05-26 19:04:00,2024-05-27 15:57:10.253711,OnTime,2.39,1,0,4.12,8.78,0,20.886181586388886,0,24,Passenger,Low,South,North,187.87,0.0,0
DL00524,O00683,D130,V005,H07,2025-05-01 08:21:00,2025-05-01 15:11:37.139494,OnTime,16.66,2,0,4.83,17.68,0,6.843649859444445,0,6,Medical,Medium,East,Airport,114.16,0.8436498594444446,1
DL00525,O00351,D038,V006,H01,2024-04-22 05:04:00,2024-04-22 05:42:26.815920,OnTime,28.2,2,0,4.04,19.16,0,0.6407822,0,1,Parcel,Medium,Airport,West,20.77,0.0,0
DL00526,O01045,D068,V027,H06,2024-08-26 13:19:00,2024-08-27 01:57:35.507434,Delayed,12.18,0,0,4.34,10.18,0,12.643196509444444,0,1,Parcel,High,Central,Airport,53.78,11.643196509444444,1
DL00527,O00913,D108,V043,H07,2025-04-05 06:44:00,2025-04-05 11:51:23.882491,OnTime,20.7,1,0,4.58,16.49,0,5.123300691944444,0,6,Retail,Low,West,South,14.48,0.0,0
DL00528,O00826,D033,V008,H03,2024-04-06 07:05:00,2024-04-06 12:23:18.106390,OnTime,24.17,2,0,4.66,20.91,0,5.305029552777778,0,4,Parcel,Medium,Airport,Central,118.93,1.3050295527777784,1
DL00529,O00822,D088,V114,H06,2024-09-01 09:19:00,2024-09-01 21:28:05.123766,Failed,1.2,0,0,2.64,7.53,0,12.151423268333332,0,1,Parcel,Medium,West,South,55.85,11.151423268333332,1
DL00530,O00756,D095,V042,H01,2025-02-03 18:06:00,2025-02-05 09:39:56.840261,Failed,30.51,2,0,2.54,19.5,0,39.56578896138889,0,24,Retail,Medium,Airport,North,83.09,15.56578896138889,1
DL00531,O00140,D163,V116,H04,2024-03-03 02:25:00,2024-03-03 03:18:14.371045,OnTime,13.95,0,0,3.95,16.65,0,0.8873252902777777,0,4,Passenger,Low,North,North,89.5,0.0,0
DL00532,O00315,D009,V104,H02,2024-12-25 03:30:00,2024-12-25 08:59:02.760085,OnTime,16.49,1,0,4.55,10.37,0,5.484100023611112,0,4,Parcel,Low,North,South,159.29,1.484100023611112,1
DL00533,O00543,D135,V002,H08,2025-07-18 06:49:00,2025-07-18 18:51:59.960350,Failed,34.15,2,0,2.69,21.32,0,12.049988986111112,0,4,Passenger,Medium,Airport,Riverside,68.06,8.049988986111112,1
DL00534,O00816,D166,V069,H08,2025-02-13 20:53:00,2025-02-14 10:48:17.655941,OnTime,9.47,0,0,3.81,6.56,0,13.921571094722221,0,12,Passenger,Low,East,Central,62.91,1.9215710947222213,1
DL00535,O01058,D033,V094,H07,2025-05-09 00:57:00,2025-05-09 02:20:23.931566,OnTime,23.45,3,0,3.15,18.56,0,1.3899809905555556,0,6,Retail,Low,Airport,West,179.11,0.0,0
DL00536,O01184,D055,V030,H01,2025-01-24 15:02:00,2025-01-25 19:26:40.923781,Failed,7.04,2,0,1.07,14.06,0,28.411367716944447,0,12,Business,Medium,Riverside,West,25.61,16.411367716944447,1
DL00537,O00083,D153,V033,H07,2024-10-23 00:53:00,2024-10-23 01:25:13.645321,OnTime,30.51,1,0,3.67,9.75,0,0.5371237002777778,0,2,Medical,Low,Airport,South,127.88,0.0,0
DL00538,O00682,D141,V015,H07,2024-10-05 12:07:00,2024-10-05 20:38:02.796068,Delayed,8.55,0,1,2.66,3.46,0,8.517443352222221,0,2,Retail,Low,North,Central,97.9,6.517443352222221,1
DL00539,O01160,D067,V111,H03,2024-05-13 01:19:00,2024-05-13 03:22:01.712270,OnTime,13.52,0,0,4.95,10.35,0,2.0504756305555554,0,4,Parcel,High,Riverside,Airport,171.67,0.0,0
DL00540,O00068,D008,V072,H04,2025-10-13 12:06:00,2025-10-13 15:29:29.316851,Delayed,16.2,2,0,3.21,16.04,0,3.3914769030555556,0,2,Parcel,Medium,Riverside,East,40.58,1.3914769030555556,1
DL00541,O01142,D022,V013,H04,2025-11-07 11:29:00,2025-11-08 09:47:08.900794,OnTime,6.68,1,0,3.89,8.98,0,22.302472442777777,0,24,Retail,High,East,West,91.95,0.0,0
DL00542,O00415,D125,V114,H02,2024-06-27 18:22:00,2024-06-27 21:23:54.066359,OnTime,7.18,0,0,4.19,5.99,0,3.0316850997222224,0,4,Retail,Medium,Central,Riverside,19.76,0.0,0
DL00543,O00218,D102,V098,H03,2025-09-15 02:24:00,2025-09-15 02:34:49.446322,OnTime,12.01,0,0,5.0,5.87,0,0.18040175611111112,0,2,Passenger,Critical,North,West,77.97,0.0,0
DL00544,O00345,D154,V082,H08,2025-10-04 22:41:00,2025-10-05 13:48:30.623730,Delayed,13.93,2,0,3.17,8.53,0,15.125173258333334,0,6,Retail,High,East,Central,27.35,9.125173258333334,1
DL00545,O01067,D113,V072,H04,2024-06-16 04:56:00,2024-06-17 00:22:38.764981,Delayed,12.43,0,0,5.0,13.31,0,19.444101383611113,0,12,Retail,Low,North,West,8.17,7.4441013836111125,1
DL00546,O00324,D095,V052,H04,2025-08-06 07:36:00,2025-08-06 06:15:57.544779,OnTime,8.95,2,0,4.11,10.57,0,-1.3340153391666667,1,1,Passenger,High,South,Riverside,131.3,0.0,0
DL00547,O00778,D014,V090,H05,2025-10-07 19:49:00,2025-10-07 21:46:03.475662,OnTime,11.03,0,0,4.93,14.38,0,1.9509654616666665,0,4,Parcel,Low,North,Central,84.4,0.0,0
DL00548,O00537,D132,V039,H05,2024-06-25 11:02:00,2024-06-25 18:55:41.523219,Failed,10.4,1,0,3.34,11.4,0,7.894867560833333,0,6,Business,Medium,Central,Central,50.23,1.8948675608333332,1
DL00549,O00476,D001,V094,H06,2024-02-23 06:45:00,2024-02-24 04:45:22.084547,OnTime,10.11,0,0,4.67,14.59,0,22.00613459638889,0,24,Passenger,Low,West,East,89.17,0.0,0
DL00550,O00572,D110,V065,H01,2025-02-06 21:04:00,2025-02-07 00:38:52.069531,OnTime,14.34,2,0,4.69,12.06,0,3.5811304252777774,0,4,Parcel,High,West,Riverside,134.79,0.0,0
DL00551,O00448,D108,V114,H04,2025-02-11 16:05:00,2025-02-11 19:11:25.139103,OnTime,18.74,3,0,4.79,21.38,0,3.1069830841666666,0,4,Medical,Low,Central,North,68.78,0.0,0
DL00552,O00298,D115,V010,H01,2025-01-06 07:28:00,2025-01-06 09:41:48.771576,OnTime,1.9,1,0,4.8,13.26,0,2.2302143266666667,0,4,Parcel,Low,West,North,28.65,0.0,0
DL00553,O00491,D090,V066,H02,2024-07-03 16:22:00,2024-07-03 15:00:56.724747,OnTime,13.19,2,0,4.66,10.34,0,-1.3509097925,1,1,Business,Critical,South,West,41.62,0.0,0
DL00554,O00709,D117,V086,H04,2025-12-09 04:47:00,2025-12-09 15:45:16.170978,OnTime,11.59,1,0,4.69,14.76,0,10.971158605000001,0,12,Medical,Critical,North,Airport,49.66,0.0,0
DL00555,O00839,D129,V013,H01,2024-01-31 20:31:00,2024-01-31 23:49:48.719703,OnTime,6.51,2,0,3.97,11.19,0,3.3135332508333337,0,6,Parcel,Low,Riverside,West,229.63,0.0,0
DL00556,O00702,D070,V030,H07,2024-12-28 22:07:00,2024-12-28 23:26:56.318304,OnTime,5.03,0,0,3.91,8.15,0,1.33231064,0,4,Retail,Critical,East,Riverside,77.66,0.0,0
DL00557,O00781,D055,V027,H08,2024-11-19 14:07:00,2024-11-20 00:38:27.684151,OnTime,17.54,2,0,5.0,13.31,0,10.524356708611112,0,12,Retail,High,North,Central,75.82,0.0,0
DL00558,O00142,D024,V011,H05,2024-10-31 20:22:00,2024-11-01 11:32:26.519611,Failed,14.64,1,0,1.0,18.56,0,15.174033225277778,0,12,Retail,High,Central,Airport,83.93,3.1740332252777783,1
DL00559,O00988,D131,V044,H05,2024-11-17 20:37:00,2024-11-18 16:31:21.183962,Failed,6.97,2,0,1.92,11.38,0,19.905884433888886,0,6,Parcel,Low,Central,Riverside,43.93,13.905884433888886,1
DL00560,O00077,D127,V120,H08,2025-07-30 07:48:00,2025-07-30 11:13:32.980554,OnTime,4.49,2,0,4.38,14.99,0,3.4258279316666664,0,4,Medical,Low,Riverside,Central,150.98,0.0,0
DL00561,O00086,D054,V005,H03,2024-07-20 06:42:00,2024-07-20 06:20:25.478336,OnTime,7.67,2,0,3.5,19.2,0,-0.3595893511111111,1,4,Passenger,High,Central,Airport,66.09,0.0,0
DL00562,O00746,D128,V113,H08,2024-12-14 10:47:00,2024-12-14 15:16:25.399886,OnTime,13.59,0,0,3.98,10.51,0,4.490388857222222,0,1,Medical,Low,North,Riverside,73.76,3.4903888572222224,1
DL00563,O01238,D093,V045,H02,2025-04-18 05:35:00,2025-04-18 18:48:55.541447,OnTime,10.07,1,0,5.0,12.75,0,13.23209484638889,0,12,Passenger,Medium,South,North,79.85,1.2320948463888897,1
DL00564,O00824,D077,V120,H03,2024-08-17 23:23:00,2024-08-18 08:25:18.768409,OnTime,18.23,0,0,4.18,10.05,0,9.038546780277779,0,12,Retail,Medium,South,East,271.33,0.0,0
DL00565,O00344,D151,V022,H06,2024-08-28 08:16:00,2024-08-28 10:17:14.247044,OnTime,14.95,2,0,3.82,8.75,0,2.020624178888889,0,6,Parcel,Medium,Central,North,104.62,0.0,0
DL00566,O01226,D162,V082,H03,2025-03-02 06:49:00,2025-03-02 13:57:14.169691,OnTime,22.66,1,0,3.7,14.91,0,7.1372693586111104,0,6,Passenger,Medium,South,South,131.87,1.1372693586111104,1
DL00567,O00918,D142,V051,H03,2024-11-26 06:40:00,2024-11-26 07:20:28.068828,OnTime,10.47,0,0,4.8,11.4,0,0.6744635633333333,0,1,Business,Critical,Riverside,North,50.49,0.0,0
DL00568,O00244,D167,V082,H04,2024-11-11 09:39:00,,OnTime,11.52,0,0,5.0,9.33,1,,0,1,Passenger,Medium,North,Riverside,225.95,0.0,0
DL00569,O00312,D066,V116,H01,2025-11-07 01:03:00,2025-11-07 05:18:29.822078,OnTime,20.95,1,0,4.56,19.6,0,4.258283910555555,0,6,Passenger,Medium,East,East,124.24,0.0,0
DL00570,O00319,D017,V028,H08,2024-01-22 10:23:00,2024-01-23 06:55:15.896869,OnTime,20.67,1,0,5.0,9.88,0,20.537749130277778,0,24,Business,Low,Central,Airport,124.48,0.0,0
DL00571,O00413,D003,V029,H01,2025-04-01 22:46:00,2025-04-02 03:26:31.358277,OnTime,23.53,3,0,4.5,14.49,0,4.675377299166667,0,4,Passenger,Low,Airport,North,35.52,0.6753772991666667,1
DL00572,O00905,D002,V048,H08,2025-09-04 03:45:00,2025-09-04 06:59:36.638257,OnTime,8.35,3,0,3.96,11.45,0,3.2435106269444445,0,6,Parcel,Medium,East,Central,63.25,0.0,0
DL00573,O01214,D118,V077,H02,2024-05-07 23:32:00,2024-05-08 01:20:03.169081,OnTime,7.3,1,0,5.0,14.05,0,1.8008803002777778,0,4,Medical,High,Central,North,17.33,0.0,0
DL00574,O00693,D048,V016,H05,2025-11-08 19:41:00,2025-11-09 11:16:21.047564,Failed,24.31,1,0,4.63,16.24,0,15.589179878888888,0,2,Retail,Medium,Airport,Airport,115.09,13.589179878888888,1
DL00575,O01177,D133,V105,H04,2024-10-17 04:35:00,2024-10-17 16:22:26.533829,OnTime,12.03,2,0,4.05,10.65,0,11.790703841388888,0,12,Parcel,High,Central,South,63.29,0.0,0
DL00576,O00483,D133,V021,H08,2024-11-17 01:34:00,2024-11-17 16:32:57.970274,Failed,13.83,1,0,5.0,16.98,0,14.982769520555555,0,1,Business,Medium,Riverside,North,117.11,13.982769520555555,1
DL00577,O00973,D108,V043,H05,2024-01-12 21:57:00,2024-01-12 22:09:43.637461,OnTime,21.03,1,0,3.86,12.99,0,0.21212151694444445,0,1,Parcel,Low,Airport,West,81.56,0.0,0
DL00578,O00115,D032,V108,H06,2024-02-21 08:24:00,2024-02-21 14:09:53.056302,OnTime,11.09,0,0,4.55,7.9,0,5.764737861666667,0,6,Passenger,High,East,North,256.93,0.0,0
DL00579,O00168,D103,V115,H03,2025-06-11 06:05:00,2025-06-11 21:51:41.279934,Delayed,14.98,1,0,3.78,8.97,0,15.778133315,0,6,Parcel,High,Central,Riverside,115.35,9.778133315,1
DL00580,O00063,D026,V066,H04,2025-07-13 06:28:00,2025-07-13 16:43:18.243380,OnTime,15.1,1,0,4.99,17.2,0,10.255067605555556,0,12,Retail,Low,South,Airport,57.56,0.0,0
DL00581,O00995,D139,V062,H01,2024-08-09 08:49:00,2024-08-10 09:03:16.605517,OnTime,12.14,4,0,3.48,16.92,0,24.237945976944445,0,24,Passenger,Medium,Central,West,202.67,0.2379459769444452,1
DL00582,O00765,D024,V091,H05,2024-07-13 04:34:00,2024-07-14 00:33:48.023452,Failed,19.38,2,0,2.4,22.61,0,19.99667318111111,0,12,Retail,Medium,Central,West,60.26,7.99667318111111,1
DL00583,O00064,D015,V098,H01,2025-10-14 08:48:00,2025-10-14 21:55:17.220317,OnTime,14.6,1,0,4.53,6.16,0,13.121450088055555,0,12,Business,High,Central,Riverside,45.43,1.1214500880555551,1
DL00584,O00588,D043,V103,H05,2024-06-03 13:36:00,2024-06-03 14:45:41.100373,OnTime,23.9,1,0,3.7,12.24,0,1.1614167702777778,0,4,Passenger,Low,Airport,Airport,236.46,0.0,0
DL00585,O00132,D149,V049,H01,2025-01-22 10:55:00,2025-01-22 23:42:49.491594,Delayed,1.2,1,0,3.52,10.18,0,12.797080998333334,0,2,Passenger,Medium,Central,Central,11.07,10.797080998333334,1
DL00586,O01037,D076,V114,H03,2025-04-28 07:18:00,2025-04-28 14:44:30.163250,OnTime,15.54,0,0,3.51,12.03,0,7.441712013888889,0,6,Passenger,High,South,North,55.58,1.441712013888889,1
DL00587,O00182,D166,V009,H01,2024-01-12 10:05:00,2024-01-12 12:52:41.364362,OnTime,4.98,1,0,4.15,3.57,0,2.794823433888889,0,2,Passenger,Medium,West,West,109.03,0.7948234338888889,1
DL00588,O00896,D131,V026,H06,2024-06-29 21:53:00,2024-06-30 14:00:23.479208,Failed,10.09,1,0,3.18,11.57,0,16.123188668888886,0,6,Passenger,Low,East,South,50.35,10.123188668888886,1
DL00589,O00940,D141,V102,H01,2025-10-26 07:53:00,2025-10-26 22:11:25.201566,Delayed,21.39,1,0,1.93,16.86,0,14.307000435,0,6,Parcel,High,West,West,99.21,8.307000435,1
DL00590,O00229,D112,V017,H07,2024-08-31 05:34:00,2024-08-31 21:45:46.740651,Delayed,7.56,4,0,3.44,12.03,0,16.1963168475,0,6,Passenger,Medium,Central,Riverside,33.48,10.1963168475,1
DL00591,O00792,D087,V057,H01,2025-02-02 07:06:00,2025-02-02 11:27:14.267375,OnTime,11.26,1,0,3.22,8.22,0,4.353963159722222,0,4,Retail,Medium,Riverside,South,156.57,0.35396315972222236,1
DL00592,O00526,D146,V001,H04,2024-01-19 17:17:00,2024-01-19 20:32:43.768544,OnTime,17.21,2,0,4.58,20.05,0,3.262157928888889,0,4,Parcel,Low,Airport,West,69.63,0.0,0
DL00593,O01174,D110,V058,H03,2024-11-21 09:11:00,2024-11-21 16:20:12.976159,OnTime,10.76,3,0,5.0,11.92,0,7.153604488611111,0,6,Passenger,Critical,Riverside,Airport,104.71,1.1536044886111112,1
DL00594,O00267,D045,V064,H05,2024-01-16 23:13:00,2024-01-17 04:42:18.432187,OnTime,32.25,0,0,4.02,20.99,0,5.4884533852777775,0,6,Parcel,Low,Airport,North,98.71,0.0,0
DL00595,O01243,D139,V021,H01,2025-09-10 11:13:00,2025-09-10 20:20:03.690027,OnTime,9.13,2,0,4.84,13.68,0,9.117691674166666,0,12,Retail,Medium,East,Central,113.08,0.0,0
DL00596,O00427,D102,V065,H06,2025-06-21 23:24:00,2025-06-21 21:57:52.381021,OnTime,16.37,0,0,4.1,8.58,0,-1.4354497163888889,1,1,Parcel,Medium,Central,West,166.06,0.0,0
DL00597,O00428,D049,V043,H07,2024-03-31 06:54:00,2024-03-31 06:32:00.000000,OnTime,1.2,0,0,4.12,3.74,0,-0.36666666666666664,1,1,Medical,High,West,Airport,72.42,0.0,0
DL00598,O00753,D056,V032,H02,2025-01-18 05:04:00,2025-01-18 06:33:32.191118,OnTime,40.68,1,0,4.66,18.96,0,1.4922753105555555,0,2,Parcel,High,Airport,Riverside,176.31,0.0,0
DL00599,O01150,D133,V112,H01,2025-02-20 06:18:00,2025-02-20 07:36:40.669805,OnTime,7.34,0,0,5.0,4.99,0,1.3112971680555556,0,1,Passenger,Low,North,West,144.76,0.31129716805555563,1
DL00600,O01099,D039,V114,H07,2024-04-05 23:46:00,2024-04-06 23:09:46.318144,OnTime,10.4,1,0,3.91,11.24,0,23.396199484444445,0,24,Retail,Critical,East,Central,35.33,0.0,0
DL00601,O00538,D166,V091,H08,2025-04-05 17:41:00,2025-04-05 16:25:34.808924,OnTime,8.52,1,0,3.0,10.47,0,-1.256997521111111,1,1,Business,High,West,Central,50.6,0.0,0
DL00602,O00318,D157,V009,H03,2024-08-17 01:09:00,2024-08-17 11:45:54.685050,Delayed,7.02,1,1,2.86,11.51,0,10.615190291666666,0,6,Retail,Low,Riverside,South,84.27,4.615190291666666,1
DL00603,O00194,D069,V082,H05,2024-03-16 09:13:00,2024-03-16 08:57:07.960316,OnTime,15.77,2,0,4.17,17.07,0,-0.2644554677777778,1,1,Passenger,Low,Central,Riverside,92.07,0.0,0
DL00604,O00294,D064,V111,H07,2025-01-05 17:44:00,2025-01-05 19:37:29.599098,OnTime,20.21,1,0,4.67,17.56,0,1.891555305,0,1,Parcel,Low,Airport,Airport,82.04,0.891555305,1
DL00605,O00200,D093,V052,H02,2024-01-26 11:06:00,2024-01-26 15:50:01.016683,OnTime,17.8,0,0,4.59,9.58,0,4.7336157452777785,0,4,Passenger,High,Central,Riverside,94.52,0.7336157452777785,1
DL00606,O00012,D075,V112,H04,2024-01-16 13:32:00,2024-01-16 23:32:34.302064,OnTime,13.39,0,0,4.12,13.11,0,10.009528351111111,0,12,Business,Medium,East,Airport,135.67,0.0,0
DL00607,O00473,D119,V059,H01,2024-09-11 14:41:00,2024-09-11 13:15:00.000000,OnTime,1.35,0,0,4.72,7.33,0,-1.4333333333333333,1,2,Medical,High,East,Airport,40.6,0.0,0
DL00608,O00357,D143,V042,H01,2024-12-28 16:27:00,2024-12-28 16:28:21.233113,OnTime,9.33,2,0,4.24,8.18,0,0.022564753611111113,0,2,Retail,Medium,Central,South,171.28,0.0,0
DL00609,O00934,D062,V053,H01,2024-06-29 06:33:00,2024-06-29 22:14:24.213135,Failed,17.27,3,0,2.25,9.71,0,15.690059204166666,0,4,Business,Medium,North,East,80.26,11.690059204166666,1
DL00610,O00259,D055,V050,H05,2025-09-09 11:34:00,2025-09-10 11:09:42.800177,OnTime,20.47,2,0,5.0,11.93,0,23.595222271388888,0,24,Retail,High,South,East,172.55,0.0,0
DL00611,O00243,D117,V020,H05,2024-03-08 05:50:00,2024-03-08 09:35:20.717227,OnTime,12.23,1,0,3.99,12.18,0,3.7557547852777775,0,6,Passenger,Low,South,West,64.73,0.0,0
DL00612,O00327,D166,V022,H07,2024-12-05 03:28:00,2024-12-05 03:46:56.748222,OnTime,8.47,1,0,4.42,13.57,0,0.315763395,0,4,Retail,Low,North,North,90.61,0.0,0
DL00613,O00361,D102,V020,H04,2024-01-16 11:16:00,2024-01-16 10:11:31.409394,OnTime,14.31,2,0,4.93,15.26,0,-1.0746085016666667,1,1,Business,Low,East,South,256.22,0.0,0
DL00614,O00179,D087,V104,H03,2024-07-25 18:39:00,2024-07-26 05:26:49.966486,OnTime,12.03,4,0,3.86,10.54,0,10.797212912777777,0,12,Parcel,Medium,Central,Riverside,52.96,0.0,0
DL00615,O00627,D074,V069,H08,2025-04-22 20:08:00,2025-04-23 12:23:08.535650,Delayed,7.97,2,0,3.2,13.12,0,16.252371013888887,0,6,Parcel,Medium,Central,Central,67.07,10.252371013888887,1
DL00616,O01068,D041,V081,H08,2025-04-10 22:22:00,2025-04-11 05:25:01.394964,Delayed,13.75,0,0,2.32,14.94,0,7.050387489999999,0,2,Passenger,Low,Riverside,West,53.32,5.050387489999999,1
DL00617,O01023,D030,V045,H04,2024-11-04 00:22:00,2024-11-04 03:37:02.503074,OnTime,13.63,0,0,4.33,8.71,0,3.2506952983333335,0,6,Parcel,Medium,Riverside,Central,89.2,0.0,0
DL00618,O01159,D046,V024,H06,2024-07-26 02:15:00,2024-07-26 23:53:29.739470,OnTime,14.66,2,0,4.62,9.48,0,21.641594297222223,0,24,Passenger,Low,West,North,47.65,0.0,0
DL00619,O00589,D146,V070,H08,2024-05-23 06:26:00,2024-05-24 04:08:02.677492,Failed,9.01,0,0,3.44,9.46,0,21.70074374777778,0,6,Parcel,High,Riverside,Central,81.6,15.700743747777778,1
DL00620,O00642,D117,V098,H04,2024-06-28 03:31:00,2024-06-28 06:36:27.337495,OnTime,11.79,0,0,5.0,14.82,0,3.0909270819444443,0,4,Retail,High,Riverside,Airport,24.55,0.0,0
DL00621,O00838,D044,V110,H07,2025-01-25 00:38:00,2025-01-25 03:06:47.098821,OnTime,7.52,1,0,5.0,14.56,0,2.4797496724999997,0,6,Passenger,Low,Central,Central,48.73,0.0,0
DL00622,O00939,D036,V097,H04,2025-01-24 02:51:00,2025-01-24 11:54:04.114992,OnTime,12.19,1,0,5.0,10.0,0,9.051143053333334,0,12,Medical,Critical,South,South,91.71,0.0,0
DL00623,O00751,D166,V120,H03,2024-06-26 03:25:00,2024-06-26 07:03:25.132007,OnTime,9.76,2,0,3.82,11.28,0,3.640314446388889,0,4,Business,Medium,North,West,152.61,0.0,0
DL00624,O00486,D110,V098,H02,2024-08-12 17:01:00,2024-08-12 18:38:04.590348,OnTime,19.21,0,0,4.325,15.84,0,1.6179417633333333,0,2,Retail,High,Central,North,50.89,0.0,0
DL00625,O00980,D098,V022,H04,2024-11-25 23:32:00,2024-11-26 15:30:09.084958,Delayed,19.05,1,1,1.83,20.54,0,15.969190266111111,0,4,Parcel,Medium,West,Riverside,510.06,11.969190266111111,1
DL00626,O00088,D082,V085,H05,2024-06-14 11:04:00,2024-06-15 12:38:34.881047,OnTime,18.51,1,0,4.57,17.13,0,25.57635584638889,0,24,Medical,Low,Riverside,East,101.67,1.5763558463888891,1
DL00627,O00695,D142,V108,H06,2024-03-19 10:09:00,2024-03-19 13:51:55.023221,OnTime,10.41,0,0,4.25,17.46,0,3.7152842280555554,0,6,Passenger,Low,South,East,92.36,0.0,0
DL00628,O00166,D115,V095,H03,2025-05-30 18:43:00,2025-05-31 00:40:46.569082,Delayed,10.81,1,0,4.06,11.58,0,5.962935856111112,0,4,Passenger,Medium,East,South,76.66,1.9629358561111117,1
DL00629,O00987,D057,V031,H08,2024-05-23 08:59:00,2024-05-24 06:48:42.857665,OnTime,14.0,1,0,3.96,7.1,0,21.82857157361111,0,24,Retail,High,West,Central,115.17,0.0,0
DL00630,O00342,D153,V004,H08,2025-11-13 00:22:00,2025-11-13 04:27:35.276518,OnTime,13.33,0,0,3.97,5.52,0,4.093132366111111,0,6,Passenger,Low,North,South,187.9,0.0,0
DL00631,O01083,D124,V090,H01,2025-05-05 10:46:00,2025-05-06 00:19:38.465562,Delayed,13.35,1,0,2.82,10.41,0,13.560684878333333,0,12,Retail,Low,East,South,29.43,1.5606848783333334,1
DL00632,O00498,D076,V084,H07,2024-10-28 08:11:00,2024-10-28 19:29:17.658601,Delayed,13.26,0,0,1.74,14.75,0,11.304905166944446,0,4,Retail,Medium,South,Central,68.95,7.304905166944446,1
DL00633,O00272,D127,V047,H05,2024-12-11 06:48:00,2024-12-12 05:20:32.062021,OnTime,11.86,2,0,4.06,13.31,0,22.54223945027778,0,24,Retail,Medium,Riverside,Central,55.63,0.0,0
DL00634,O00245,D077,V032,H02,2025-08-08 19:33:00,2025-08-09 05:46:51.012604,Delayed,11.96,1,0,2.3,9.41,0,10.230836834444446,0,4,Parcel,Low,South,South,21.06,6.230836834444446,1
DL00635,O00516,D053,V062,H06,2024-06-08 22:52:00,2024-06-09 07:32:45.394984,Failed,13.35,1,0,3.18,14.1,0,8.679276384444444,0,2,Passenger,Medium,South,East,117.13,6.679276384444444,1
DL00636,O00880,D054,V104,H04,2024-08-24 19:54:00,2024-08-25 19:15:28.926324,OnTime,10.04,2,0,3.89,13.35,0,23.35803509,0,24,Parcel,Low,South,North,51.19,0.0,0
DL00637,O01069,D011,V046,H08,2025-08-25 03:45:00,2025-08-25 12:09:57.353857,OnTime,7.12,0,0,3.8,8.9,0,8.415931626944444,0,12,Passenger,High,Central,North,18.2,0.0,0
DL00638,O00749,D091,V045,H05,2025-08-14 20:13:00,2025-08-15 07:31:38.980161,Delayed,14.19,0,0,4.22,10.35,0,11.3108278225,0,6,Retail,Low,East,Riverside,47.61,5.3108278225,1
DL00639,O00090,D053,V073,H07,2024-10-23 06:26:00,2024-10-23 09:29:56.105722,OnTime,9.72,0,0,4.45,16.68,0,3.065584922777778,0,4,Business,Medium,Riverside,South,86.48,0.0,0
DL00640,O00840,D119,V093,H08,2024-03-28 19:02:00,2024-03-28 22:58:27.534852,OnTime,11.78,2,0,5.0,10.44,0,3.9409819033333333,0,6,Passenger,Medium,South,East,142.01,0.0,0
DL00641,O00955,D092,V010,H01,2025-01-04 17:23:00,2025-01-05 10:38:24.537371,Failed,10.48,0,0,2.54,13.58,0,17.25681593638889,0,4,Passenger,Low,Central,West,50.43,13.25681593638889,1
DL00642,O00212,D153,V024,H07,2025-01-04 23:50:00,2025-01-05 03:23:43.873352,OnTime,20.42,1,0,4.48,14.05,0,3.5621870422222224,0,4,Parcel,High,East,Central,128.36,0.0,0
DL00643,O00926,D114,V047,H02,2024-07-03 02:35:00,2024-07-03 14:53:51.446255,OnTime,13.71,2,0,4.5,15.88,0,12.314290626388889,0,12,Parcel,Low,East,East,50.92,0.31429062638888894,1
DL00644,O00585,D097,V119,H01,2025-02-25 14:04:00,2025-02-26 01:40:11.748100,Failed,6.36,0,0,3.11,13.31,0,11.603263361111111,0,1,Medical,Medium,South,Riverside,215.96,10.603263361111111,1
DL00645,O00158,D129,V090,H02,2024-07-11 17:47:00,2024-07-12 22:44:12.693757,Failed,6.06,2,0,2.77,13.29,0,28.953526043611113,0,24,Business,High,Central,West,67.81,4.953526043611113,1
DL00646,O00707,D023,V100,H06,2024-11-10 06:33:00,2024-11-10 10:57:20.611848,OnTime,8.31,0,0,4.38,4.79,0,4.4057255133333335,0,4,Parcel,Medium,Central,East,95.62,0.4057255133333335,1
DL00647,O00550,D067,V001,H02,2025-01-19 02:17:00,2025-01-19 23:38:11.164766,OnTime,8.7,1,0,4.52,10.41,0,21.35310132388889,0,24,Business,Medium,Central,Riverside,64.79,0.0,0
DL00648,O00551,D143,V045,H02,2024-06-16 13:01:00,2024-06-16 16:08:30.294842,OnTime,9.21,0,0,4.43,14.38,0,3.1250819005555552,0,6,Retail,High,Central,East,82.67,0.0,0
DL00649,O00110,D075,V073,H01,2024-08-23 13:10:00,2024-08-23 14:46:36.192013,OnTime,9.4,1,0,5.0,12.55,0,1.6100533369444443,0,4,Passenger,Low,Central,South,72.23,0.0,0
DL00650,O00106,D097,V035,H01,2025-11-29 06:15:00,2025-11-29 11:03:53.803798,OnTime,8.16,0,0,4.26,11.01,0,4.814945499444445,0,6,Business,Low,East,Riverside,68.37,0.0,0
DL00651,O00107,D090,V022,H04,2024-11-14 01:39:00,2024-11-14 11:26:39.070895,Delayed,6.01,1,0,3.71,9.58,0,9.794186359722222,0,2,Medical,Low,Riverside,Central,182.35,7.794186359722222,1
DL00652,O00928,D129,V028,H07,2024-02-28 14:26:00,2024-02-29 12:02:52.158985,OnTime,14.7,1,0,3.65,7.18,0,21.614488606944445,0,24,Parcel,Medium,South,Airport,60.36,0.0,0
DL00653,O00076,D043,V096,H04,2025-12-25 05:43:00,2025-12-25 15:29:42.609869,Delayed,12.43,3,0,2.71,13.03,0,9.77850274138889,0,4,Retail,Low,Central,Riverside,100.62,5.778502741388889,1
DL00654,O00897,D078,V057,H04,2025-09-21 21:38:00,,Failed,17.42,0,0,2.92,13.13,1,,0,6,Passenger,Low,South,West,101.28,0.0,0
DL00655,O01222,D156,V042,H08,2025-09-10 03:29:00,2025-09-10 12:38:01.772929,OnTime,12.34,1,0,4.66,3.15,0,9.150492480277778,0,12,Retail,Critical,North,East,105.79,0.0,0
DL00656,O00747,D134,V089,H03,2025-08-05 09:12:00,2025-08-05 09:00:15.156688,OnTime,15.27,0,0,4.325,12.29,0,-0.1957898088888889,1,2,Retail,Medium,East,South,122.21,0.0,0
DL00657,O00674,D145,V072,H01,2025-08-11 17:47:00,2025-08-12 09:13:33.120017,Failed,14.98,2,0,1.95,17.49,0,15.442533338055556,0,2,Passenger,Medium,Central,East,65.56,13.442533338055556,1
DL00658,O01123,D001,V073,H04,2024-01-31 07:38:00,2024-02-01 18:27:27.869371,Failed,6.23,1,0,4.41,6.01,0,34.82440815861111,0,24,Parcel,High,South,West,98.07,10.824408158611107,1
DL00659,O00308,D046,V082,H02,2025-03-28 16:40:00,2025-03-29 03:35:29.941238,OnTime,34.92,2,0,4.31,16.73,0,10.924983677222222,0,12,Passenger,Medium,Airport,West,100.44,0.0,0
DL00660,O00016,D008,V001,H02,2025-07-29 13:52:00,2025-07-29 17:01:03.042495,OnTime,16.1,2,0,3.36,14.03,0,3.1508451374999997,0,6,Parcel,Medium,Central,Central,92.66,0.0,0
DL00661,O01038,D145,V067,H03,2024-12-01 01:45:00,2024-12-01 06:12:25.970798,OnTime,19.41,2,0,4.41,17.61,0,4.457214110555555,0,6,Business,Critical,West,South,20.72,0.0,0
DL00662,O00365,D118,V013,H03,2024-01-11 13:00:00,2024-01-11 14:14:42.407650,OnTime,21.14,0,0,4.62,16.89,0,1.2451132361111112,0,4,Medical,Low,East,West,21.18,0.0,0
DL00663,O00865,D017,V070,H03,2024-03-22 01:14:00,2024-03-22 04:15:39.503337,OnTime,15.24,1,0,3.19,16.61,0,3.0276398158333335,0,2,Parcel,Medium,East,South,55.13,1.0276398158333335,1
DL00664,O00430,D152,V027,H07,2025-01-15 03:49:00,2025-01-15 20:16:09.639972,Failed,20.64,1,1,3.36,25.46,0,16.452677769999998,0,12,Retail,Medium,Central,South,40.49,4.4526777699999975,1
DL00665,O00268,D124,V100,H03,2024-01-29 08:37:00,2024-01-29 12:14:11.321423,Delayed,20.03,3,1,2.49,15.01,0,3.619811506388889,0,4,Medical,Medium,West,West,71.4,0.0,0
DL00666,O00350,D055,V066,H05,2024-11-20 04:37:00,2024-11-20 06:18:52.302593,OnTime,5.38,0,0,4.67,10.56,0,1.697861831388889,0,4,Retail,High,East,West,13.42,0.0,0
DL00667,O01088,D049,V087,H08,2024-12-02 12:50:00,2024-12-02 16:12:08.912167,OnTime,9.91,1,0,4.8,13.21,0,3.369142268611111,0,6,Parcel,Medium,North,West,49.16,0.0,0
DL00668,O01140,D107,V018,H05,2025-09-26 01:35:00,2025-09-26 08:09:15.372043,OnTime,19.54,0,0,4.57,16.84,0,6.570936678611111,0,6,Passenger,Low,East,South,97.23,0.570936678611111,1
DL00669,O01235,D039,V001,H08,2025-06-01 03:54:00,2025-06-01 01:41:07.882075,OnTime,15.65,0,0,3.31,12.4,0,-2.2144772013888887,1,1,Medical,Low,North,Riverside,67.31,0.0,0
DL00670,O01248,D098,V006,H04,2024-08-30 19:26:00,2024-08-31 15:46:01.398224,OnTime,11.65,1,0,4.28,17.56,0,20.33372172888889,0,24,Retail,Medium,South,Riverside,28.17,0.0,0
DL00671,O00005,D054,V073,H03,2025-02-17 20:23:00,2025-02-18 08:05:00.047082,OnTime,16.01,1,0,4.38,13.53,0,11.700013078333333,0,12,Retail,Low,Riverside,South,125.58,0.0,0
DL00672,O00017,D108,V030,H02,2025-05-27 11:38:00,2025-05-28 08:21:51.612170,OnTime,35.33,5,0,4.94,19.77,0,20.731003380555553,0,24,Parcel,Low,Airport,South,60.9,0.0,0
DL00673,O00651,D125,V047,H03,2024-09-29 10:51:00,2024-09-29 14:22:58.189576,OnTime,13.26,0,0,4.71,11.92,0,3.532830437777778,0,6,Parcel,High,South,South,7.14,0.0,0
DL00674,O00456,D005,V078,H01,2024-01-16 04:57:00,2024-01-16 07:20:04.951071,OnTime,12.96,1,0,4.96,8.1,0,2.3847086308333334,0,2,Parcel,High,East,Riverside,87.85,0.3847086308333334,1
DL00675,O00436,D120,V008,H07,2025-01-29 18:44:00,2025-01-29 18:32:00.000000,OnTime,23.3,3,0,3.5,13.77,0,-0.2,1,1,Medical,Critical,Airport,North,56.57,0.0,0
DL00676,O00515,D033,V027,H05,2024-02-03 12:39:00,2024-02-03 16:14:23.609063,OnTime,3.67,1,0,3.87,10.33,0,3.589891406388889,0,6,Retail,Medium,North,North,65.74,0.0,0
DL00677,O00528,D001,V036,H03,2024-10-13 11:51:00,2024-10-13 21:30:51.369530,OnTime,18.36,2,0,3.82,10.56,0,9.664269313888889,0,12,Passenger,Medium,Central,Central,126.48,0.0,0
DL00678,O00441,D133,V119,H07,2025-04-01 12:54:00,2025-04-01 23:37:24.658614,OnTime,8.13,0,0,4.29,6.46,0,10.723516281666667,0,12,Passenger,Critical,East,Central,77.58,0.0,0
DL00679,O01122,D008,V098,H04,2025-10-06 07:57:00,2025-10-07 02:15:06.169683,Delayed,1.2,2,0,2.15,12.25,0,18.301713800833333,0,12,Parcel,High,South,Riverside,131.53,6.301713800833333,1
DL00680,O01148,D064,V056,H04,2024-11-19 06:45:00,2024-11-20 06:09:27.821347,OnTime,12.17,0,0,4.49,8.14,0,23.407728151944447,0,24,Passenger,Medium,Central,Riverside,122.59,0.0,0
DL00681,O01197,D046,V033,H01,2024-01-27 02:16:00,2024-01-28 05:15:53.195121,Delayed,13.28,0,0,1.97,18.74,0,26.998109755833333,0,24,Retail,Medium,Central,Airport,63.08,2.998109755833333,1
DL00682,O00264,D039,V004,H08,2025-08-12 12:49:00,2025-08-12 18:08:01.672514,OnTime,11.86,0,0,5.0,14.2,0,5.317131253888889,0,6,Business,Medium,East,Airport,113.96,0.0,0
DL00683,O00560,D102,V008,H03,2025-08-05 18:41:00,2025-08-06 09:14:19.454661,Delayed,21.04,0,0,2.52,19.01,0,14.555404072500002,0,6,Passenger,Medium,Riverside,East,62.52,8.555404072500002,1
DL00684,O00986,D026,V027,H08,2024-02-06 11:40:00,2024-02-07 19:38:29.699653,Delayed,12.6,1,1,3.71,10.36,0,31.974916570277777,0,24,Parcel,Medium,South,South,111.61,7.974916570277777,1
DL00685,O00113,D002,V042,H03,2024-02-12 05:54:00,2024-02-12 22:59:20.709373,Failed,10.66,1,0,2.68,10.8,0,17.089085936944443,0,2,Business,High,East,North,113.54,15.089085936944443,1
DL00686,O00523,D083,V002,H08,2025-11-04 08:01:00,2025-11-04 12:17:37.381306,OnTime,24.04,3,0,5.0,12.99,0,4.277050362777778,0,6,Medical,Low,Airport,Airport,82.31,0.0,0
DL00687,O00328,D168,V072,H06,2024-09-12 07:45:00,2024-09-12 07:31:07.085573,OnTime,16.38,2,0,5.0,15.23,0,-0.23136511861111111,1,2,Business,Medium,East,South,37.78,0.0,0
DL00688,O00385,D117,V068,H03,2025-10-24 17:08:00,2025-10-24 17:53:05.729635,OnTime,17.58,0,0,4.16,13.79,0,0.7515915652777778,0,4,Passenger,Medium,Riverside,Riverside,226.69,0.0,0
DL00689,O00165,D087,V048,H07,2024-03-16 15:57:00,2024-03-17 13:28:39.203588,OnTime,16.14,1,0,4.14,18.83,0,21.527556552222222,0,24,Retail,Low,North,Central,122.59,0.0,0
DL00690,O00129,D167,V096,H01,2024-12-12 05:16:00,2024-12-13 10:27:02.080765,Failed,17.64,0,0,2.59,15.08,0,29.183911323611113,0,12,Retail,High,Central,North,63.08,17.183911323611113,1
DL00691,O00022,D055,V091,H01,2025-04-20 21:40:00,2025-04-21 17:33:54.635329,Delayed,4.45,0,0,4.36,13.49,0,19.89850981361111,0,12,Retail,Medium,Riverside,Central,134.88,7.89850981361111,1
DL00692,O00176,D093,V100,H07,2025-04-15 11:14:00,2025-04-15 11:40:03.053241,OnTime,14.91,0,0,3.65,16.9,0,0.43418145583333334,0,4,Retail,Medium,Central,Central,14.76,0.0,0
DL00693,O00154,D137,V063,H03,2024-08-20 06:10:00,2024-08-20 23:47:35.347105,Delayed,13.63,0,0,2.62,11.31,0,17.626485306944446,0,12,Business,Low,North,Airport,105.88,5.626485306944446,1
DL00694,O00457,D087,V038,H05,2024-03-31 09:26:00,2024-04-01 08:43:50.348343,Failed,14.66,0,1,1.68,13.68,0,23.29731898416667,0,12,Parcel,Medium,East,East,123.49,11.297318984166669,1
DL00695,O00195,D017,V067,H06,2024-06-02 20:32:00,2024-06-03 10:47:53.271479,Delayed,18.13,1,0,3.49,16.69,0,14.264797633055556,0,12,Retail,Medium,Central,East,18.03,2.264797633055556,1
DL00696,O01210,D016,V035,H07,2025-04-01 13:32:00,2025-04-01 13:43:32.048965,OnTime,4.73,2,0,3.18,11.48,0,0.1922358236111111,0,2,Medical,Medium,Riverside,Riverside,198.15,0.0,0
DL00697,O00117,D010,V080,H06,2024-06-10 11:21:00,2024-06-10 22:34:18.056778,OnTime,13.19,1,0,5.0,10.04,0,11.221682438333334,0,12,Passenger,Medium,East,South,87.81,0.0,0
DL00698,O00882,D101,V092,H07,2024-09-01 12:12:00,2024-09-01 22:24:02.651556,Failed,10.97,0,0,3.6,15.95,0,10.200736543333333,0,2,Parcel,High,Central,Central,141.57,8.200736543333333,1
DL00699,O00388,D133,V091,H02,2025-10-07 00:43:00,2025-10-07 04:23:12.272724,OnTime,13.59,1,0,4.11,13.94,0,3.670075756666667,0,4,Retail,High,North,Riverside,66.17,0.0,0
DL00700,O00027,D099,V115,H06,2025-02-26 02:22:00,2025-02-26 06:50:34.860335,OnTime,8.6,1,0,5.0,9.3,0,4.476350093055555,0,4,Parcel,Medium,Riverside,North,96.62,0.4763500930555553,1
DL00701,O00440,D077,V084,H08,2024-12-03 03:36:00,2024-12-04 09:00:24.432584,Failed,12.65,0,0,5.0,10.83,0,29.406786828888887,0,12,Passenger,High,East,East,56.81,17.406786828888887,1
DL00702,O00143,D104,V086,H06,2025-03-07 13:02:00,2025-03-08 13:13:35.260683,OnTime,18.33,2,0,4.86,10.36,0,24.1931279675,0,24,Passenger,Medium,Central,Central,69.38,0.1931279675000006,1
DL00703,O01098,D136,V020,H06,2025-04-24 09:34:00,2025-04-24 15:44:51.782386,Delayed,11.16,1,0,2.82,12.56,0,6.1810506627777775,0,2,Retail,Low,North,Riverside,17.79,4.1810506627777775,1
DL00704,O01009,D058,V084,H08,2024-06-01 06:49:00,2024-06-01 07:25:55.005036,OnTime,1.84,0,0,4.35,5.9,0,0.6152791766666666,0,4,Passenger,Medium,East,Riverside,167.86,0.0,0
DL00705,O00084,D010,V061,H03,2025-05-13 08:46:00,2025-05-14 05:31:07.437328,Failed,15.18,2,0,4.04,12.68,0,20.752065924444445,0,4,Passenger,High,West,North,157.73,16.752065924444445,1
DL00706,O00625,D164,V117,H08,2025-07-12 06:16:00,2025-07-13 05:40:23.019020,OnTime,15.14,0,0,4.37,11.27,0,23.406394172222225,0,24,Business,Medium,West,South,77.48,0.0,0
DL00707,O00514,D022,V013,H02,2025-11-12 08:13:00,2025-11-12 07:49:00.000000,OnTime,9.89,1,0,4.15,16.04,0,-0.4,1,2,Passenger,Low,East,Central,126.79,0.0,0
DL00708,O00323,D089,V035,H07,2024-11-01 15:56:00,2024-11-01 20:54:40.422808,OnTime,7.15,1,0,4.49,3.79,0,4.9778952244444445,0,4,Retail,Low,South,North,22.09,0.9778952244444445,1
DL00709,O00580,D125,V020,H02,2024-02-12 07:41:00,2024-02-12 10:11:17.170153,Delayed,14.43,1,1,4.39,8.47,0,2.5047694869444443,0,1,Retail,Critical,West,Riverside,78.71,1.5047694869444443,1
DL00710,O00262,D116,V119,H06,2024-02-28 06:22:00,2024-02-28 07:32:37.271724,OnTime,1.39,2,0,4.12,12.47,0,1.1770199233333334,0,6,Passenger,High,Central,Central,151.47,0.0,0
DL00711,O00484,D028,V120,H08,2024-03-10 14:43:00,2024-03-11 13:39:05.378753,OnTime,16.19,3,0,3.77,8.83,0,22.93482743138889,0,24,Parcel,Critical,East,Riverside,134.61,0.0,0
DL00712,O01056,D134,V012,H07,2024-12-20 00:40:00,2024-12-20 11:07:55.426151,Delayed,11.83,1,0,4.95,3.1,0,10.465396153055556,0,4,Retail,Medium,East,Airport,111.26,6.465396153055556,1
DL00713,O00728,D044,V039,H03,2024-10-21 06:15:00,2024-10-22 04:27:26.219534,OnTime,21.4,0,0,4.63,26.99,0,22.20728320388889,0,24,Parcel,Low,South,Riverside,50.95,0.0,0
DL00714,O00078,D140,V110,H04,2025-10-06 05:23:00,2025-10-06 11:04:38.381928,OnTime,10.21,0,0,4.53,20.77,0,5.693994979999999,0,6,Parcel,Medium,West,Riverside,94.04,0.0,0
DL00715,O00621,D148,V098,H02,2025-05-15 19:44:00,2025-05-16 16:03:00.808189,Delayed,37.21,2,0,4.05,18.77,0,20.31689116361111,0,12,Parcel,Medium,Airport,Airport,103.8,8.31689116361111,1
DL00716,O00221,D158,V074,H08,2024-10-06 05:06:00,2024-10-06 15:10:08.357355,OnTime,3.43,1,0,3.66,8.24,0,10.068988154166666,0,12,Parcel,Medium,South,Airport,16.07,0.0,0
DL00717,O00530,D106,V016,H01,2024-03-31 08:10:00,2024-03-31 16:23:04.187319,Delayed,28.07,3,0,4.26,17.52,0,8.217829810833333,0,4,Medical,Low,Airport,North,45.66,4.217829810833333,1
DL00718,O00945,D067,V081,H01,2025-11-10 15:32:00,2025-11-11 06:12:24.070590,Delayed,9.2,0,0,2.3,15.84,0,14.673352941666668,0,6,Retail,Medium,North,North,155.97,8.673352941666668,1
DL00719,O00138,D124,V020,H08,2025-10-02 07:02:00,2025-10-02 12:15:45.818877,Delayed,16.1,1,0,3.88,18.38,0,5.2293941325,0,2,Business,Medium,South,Airport,99.38,3.2293941325000004,1
DL00720,O01179,D097,V102,H06,2025-10-13 21:10:00,2025-10-14 08:32:17.261543,Delayed,9.37,1,0,3.0,9.84,0,11.371461539722223,0,6,Passenger,High,Riverside,Central,64.87,5.3714615397222225,1
DL00721,O00742,D086,V017,H04,2025-08-27 17:58:00,2025-08-28 08:37:04.718105,Delayed,29.21,1,0,3.51,23.07,0,14.651310584722221,0,12,Passenger,Critical,Airport,West,45.26,2.6513105847222214,1
DL00722,O00289,D097,V083,H04,2024-08-24 02:33:00,2024-08-25 00:27:20.637871,OnTime,16.76,0,0,4.24,19.9,0,21.905732741944444,0,24,Parcel,High,North,East,20.53,0.0,0
DL00723,O00477,D050,V108,H03,2025-10-29 14:40:00,2025-10-30 01:19:52.481280,Delayed,6.67,2,1,3.25,17.41,0,10.664578133333332,0,2,Passenger,Medium,West,Central,189.25,8.664578133333332,1
DL00724,O00024,D003,V042,H01,2024-10-10 07:43:00,2024-10-10 10:21:10.389885,OnTime,17.9,0,0,4.76,14.39,0,2.6362194125,0,6,Passenger,High,South,Riverside,132.2,0.0,0
DL00725,O01115,D140,V094,H06,2025-11-29 00:00:00,2025-11-29 16:20:27.980617,Failed,13.65,1,0,2.1,12.34,0,16.341105726944445,0,1,Business,Medium,West,Central,63.15,15.341105726944445,1
DL00726,O00085,D045,V023,H03,2024-03-02 09:54:00,2024-03-02 12:02:36.698020,OnTime,14.37,0,0,5.0,2.5,0,2.1435272277777777,0,4,Passenger,Low,North,Riverside,23.13,0.0,0
DL00727,O00520,D164,V080,H08,2024-07-07 13:40:00,2024-07-07 21:11:10.422460,Delayed,5.25,0,0,3.43,3.23,0,7.519561794444445,0,2,Passenger,Low,Central,Airport,36.42,5.519561794444445,1
DL00728,O00951,D128,V093,H01,2024-04-30 16:16:00,2024-05-01 02:12:49.323509,Delayed,11.96,0,1,4.54,8.65,0,9.947034308055557,0,6,Passenger,Low,East,Airport,208.66,3.9470343080555566,1
DL00729,O00638,D004,V060,H04,2025-05-26 13:22:00,2025-05-26 17:18:46.459421,OnTime,5.33,1,0,4.2,9.65,0,3.9462387280555555,0,6,Passenger,Medium,West,West,54.63,0.0,0
DL00730,O00191,D170,V025,H05,2025-04-02 03:32:00,2025-04-02 14:46:58.691974,OnTime,8.68,1,0,4.06,5.48,0,11.249636659444445,0,12,Parcel,Medium,Central,North,151.09,0.0,0
DL00731,O00386,D158,V042,H05,2024-12-16 21:08:00,2024-12-17 15:02:20.510372,Failed,18.68,3,1,3.05,12.76,0,17.905697325555554,0,6,Medical,Medium,Central,Central,95.67,11.905697325555554,1
DL00732,O00748,D024,V076,H01,2025-07-23 06:45:00,2025-07-24 15:06:33.826133,Failed,11.16,1,0,3.55,15.34,0,32.35939614805555,0,24,Parcel,Low,West,South,41.63,8.359396148055552,1
DL00733,O00252,D009,V114,H03,2024-03-10 16:48:00,2024-03-10 18:13:36.725392,OnTime,21.06,0,0,3.48,18.64,0,1.4268681644444445,0,1,Parcel,Low,East,North,66.88,0.42686816444444453,1
DL00734,O00317,D106,V089,H02,2025-01-19 23:25:00,2025-01-20 05:14:31.689455,OnTime,12.54,0,0,3.99,12.79,0,5.825469293055556,0,6,Passenger,High,Riverside,West,236.09,0.0,0
DL00735,O00190,D150,V082,H01,2024-12-28 08:40:00,2024-12-28 07:08:00.000000,OnTime,13.27,0,0,3.68,10.58,0,-1.5333333333333334,1,1,Parcel,Medium,South,North,31.72,0.0,0
DL00736,O00732,D123,V100,H02,2025-06-05 11:32:00,2025-06-06 04:00:13.299805,Failed,13.5,0,0,2.19,13.81,0,16.470361056944444,0,4,Passenger,Medium,East,Central,165.97,12.470361056944444,1
DL00737,O00247,D146,V015,H01,2024-07-13 21:14:00,2024-07-13 23:35:31.680653,OnTime,15.68,1,0,4.03,10.54,0,2.358800181388889,0,4,Parcel,High,East,South,124.3,0.0,0
DL00738,O01163,D071,V022,H06,2024-09-10 01:38:00,2024-09-10 14:25:27.358815,Delayed,7.16,0,0,3.63,8.91,0,12.790933004166666,0,4,Parcel,Low,North,East,13.49,8.790933004166666,1
DL00739,O00644,D087,V078,H08,2025-11-03 10:33:00,2025-11-04 00:52:43.389587,Delayed,7.6,1,0,3.28,15.7,0,14.328719329722222,0,6,Business,High,East,Airport,6.28,8.328719329722222,1
DL00740,O00889,D029,V021,H02,2024-02-24 23:01:00,2024-02-25 01:20:53.758444,OnTime,15.64,0,0,3.98,11.85,0,2.3315995677777774,0,4,Retail,Critical,West,West,40.25,0.0,0
DL00741,O00689,D113,V091,H01,2025-09-29 16:16:00,2025-09-29 22:27:15.676429,Delayed,15.66,1,0,1.65,8.71,0,6.187687896944444,0,4,Passenger,Medium,Riverside,Riverside,6.04,2.1876878969444444,1
DL00742,O00326,D056,V033,H06,2024-11-03 10:06:00,2024-11-04 02:59:58.168600,Delayed,13.55,0,1,2.51,15.1,0,16.899491277777777,0,12,Passenger,Medium,West,West,242.48,4.899491277777777,1
DL00743,O00171,D158,V083,H03,2025-05-01 03:28:00,2025-05-01 03:30:56.577270,OnTime,33.77,0,0,5.0,13.64,0,0.04904924166666667,0,1,Parcel,Critical,Airport,Airport,63.41,0.0,0
DL00744,O00899,D052,V062,H06,2025-02-04 09:43:00,2025-02-04 23:30:54.825818,Delayed,25.36,5,0,1.64,13.11,0,13.79856272722222,0,6,Passenger,Critical,Airport,Riverside,184.27,7.798562727222221,1
DL00745,O00333,D092,V072,H07,2025-03-25 06:36:00,2025-03-25 23:16:54.876514,Failed,11.35,0,0,4.29,13.37,0,16.681910142777777,0,6,Medical,Medium,East,Central,71.97,10.681910142777777,1
DL00746,O00431,D002,V097,H02,2025-03-29 13:29:00,2025-03-29 17:02:43.497442,OnTime,14.4,1,0,3.32,11.96,0,3.5620826227777775,0,4,Retail,Medium,South,Riverside,24.45,0.0,0
DL00747,O00482,D008,V085,H08,2025-11-10 04:00:00,2025-11-10 08:22:40.558319,OnTime,15.25,1,0,4.27,12.88,0,4.377932866388889,0,6,Retail,Medium,East,West,114.62,0.0,0
DL00748,O00741,D156,V119,H04,2025-05-30 02:47:00,2025-05-30 16:13:17.676946,Delayed,32.739999999999995,1,0,3.2,16.92,0,13.43824359611111,0,6,Retail,Low,Airport,North,72.44,7.438243596111111,1
DL00749,O01036,D026,V013,H06,2024-02-28 20:38:00,2024-02-28 23:29:47.067192,OnTime,13.64,1,0,4.27,10.07,0,2.86307422,0,4,Medical,Low,Central,North,66.82,0.0,0
DL00750,O00976,D156,V109,H08,2024-02-02 19:55:00,2024-02-03 23:06:56.973662,Delayed,13.29,0,0,2.64,10.65,0,27.199159350555558,0,24,Medical,High,Central,East,40.78,3.199159350555558,1
DL00751,O00234,D136,V073,H01,2025-02-19 12:33:00,2025-02-19 17:19:04.396738,OnTime,13.68,0,0,5.0,8.76,0,4.767887982777777,0,6,Parcel,Low,South,Riverside,42.01,0.0,0
DL00752,O00020,D069,V013,H01,2024-05-09 23:04:00,2024-05-09 22:49:00.000000,OnTime,12.27,1,0,4.33,8.63,0,-0.25,1,2,Retail,Medium,West,Airport,100.78,0.0,0
DL00753,O01139,D163,V101,H04,2024-03-05 15:46:00,2024-03-05 23:19:36.199347,OnTime,17.13,1,0,4.6,16.29,0,7.560055374166667,0,6,Medical,Medium,East,East,87.44,1.5600553741666667,1
DL00754,O00605,D027,V023,H03,2025-03-21 15:02:00,2025-03-21 13:30:56.020213,OnTime,1.2,1,0,4.18,7.11,0,-1.5177721630555556,1,1,Medical,Low,Riverside,Airport,47.71,0.0,0
DL00755,O01073,D084,V024,H08,2024-01-05 05:34:00,2024-01-05 21:45:54.509466,Delayed,21.74,1,0,2.22,13.13,0,16.198474851666667,0,6,Passenger,Medium,Central,Airport,34.23,10.198474851666667,1
DL00756,O00112,D130,V034,H07,2024-09-16 08:59:00,2024-09-16 07:27:00.000000,OnTime,13.07,3,0,3.11,16.72,0,-1.5333333333333334,1,2,Passenger,Medium,Central,West,86.44,0.0,0
DL00757,O00074,D135,V002,H06,2025-10-18 14:03:00,2025-10-18 21:07:10.495229,Delayed,12.69,1,1,5.0,6.5,0,7.069582008055556,0,6,Parcel,Critical,Riverside,Riverside,20.6,1.0695820080555558,1
DL00758,O01126,D085,V043,H07,2025-05-02 17:34:00,2025-05-03 09:21:46.227061,Delayed,21.98,4,0,2.72,17.1,0,15.796174183611111,0,4,Parcel,Medium,South,Central,15.01,11.796174183611111,1
DL00759,O01240,D012,V120,H08,2025-10-08 15:19:00,2025-10-08 18:32:38.817145,OnTime,6.57,0,0,4.47,11.36,0,3.2274492069444447,0,2,Passenger,High,East,East,178.86,1.2274492069444447,1
DL00760,O00226,D081,V030,H04,2024-07-23 14:20:00,2024-07-24 15:40:22.678171,OnTime,12.22,0,0,4.2,14.58,0,25.33963282527778,0,24,Parcel,Medium,East,North,63.79,1.3396328252777785,1
DL00761,O00810,D134,V088,H04,2024-04-16 04:12:00,2024-04-16 15:34:08.978231,OnTime,1.2,1,0,3.48,3.76,0,11.369160619722223,0,12,Parcel,High,North,South,129.12,0.0,0
DL00762,O00864,D133,V002,H03,2024-08-04 01:29:00,2024-08-04 04:51:39.011458,OnTime,34.77,1,0,3.95,18.48,0,3.377503182777778,0,4,Business,Low,Airport,Central,45.78,0.0,0
DL00763,O00837,D110,V059,H02,2024-04-18 19:06:00,2024-04-20 06:31:48.519667,Failed,16.1,0,1,3.96,13.38,0,35.43014435194444,0,24,Parcel,Low,East,West,35.47,11.430144351944442,1
DL00764,O01187,D049,V004,H07,2025-11-17 02:29:00,2025-11-17 10:47:40.202073,Delayed,14.53,0,0,2.42,10.58,0,8.3111672425,0,1,Medical,Low,North,Airport,53.13,7.3111672425,1
DL00765,O00043,D126,V023,H06,2024-01-01 06:03:00,2024-01-01 15:35:48.325916,OnTime,16.23,1,0,4.81,15.76,0,9.546757198888889,0,12,Retail,Medium,East,Riverside,48.59,0.0,0
DL00766,O00371,D082,V088,H07,2025-01-27 04:54:00,2025-01-27 12:48:47.192242,Failed,10.55,0,0,2.58,13.84,0,7.913108956111111,0,4,Business,Medium,North,North,73.83,3.9131089561111114,1
DL00767,O00948,D096,V099,H02,2025-05-14 05:19:00,2025-05-14 14:53:57.043442,Delayed,5.39,2,0,3.98,3.62,0,9.582512067222222,0,6,Business,Low,North,West,60.77,3.582512067222222,1
DL00768,O00800,D086,V043,H04,2024-01-29 02:36:00,2024-01-29 18:44:35.264297,Delayed,14.84,0,0,1.74,20.01,0,16.14312897138889,0,6,Medical,Medium,South,North,102.47,10.14312897138889,1
DL00769,O00957,D038,V048,H03,2024-02-28 03:47:00,2024-02-28 03:42:47.058541,OnTime,10.69,0,0,3.73,8.08,0,-0.07026151638888889,1,1,Passenger,Critical,North,North,12.91,0.0,0
DL00770,O00217,D091,V077,H08,2024-01-22 08:17:00,2024-01-23 05:25:22.078025,OnTime,29.87,1,0,4.21,17.68,0,21.139466118055555,0,24,Retail,Medium,Airport,Airport,40.42,0.0,0
DL00771,O00257,D003,V116,H01,2024-08-11 03:42:00,2024-08-11 07:16:26.127371,OnTime,11.52,2,0,4.78,14.84,0,3.573924269722222,0,6,Passenger,Critical,South,North,87.95,0.0,0
DL00772,O01108,D135,V058,H07,2024-10-24 07:22:00,2024-10-24 12:22:16.408717,OnTime,15.77,0,0,4.48,12.1,0,5.004557976944444,0,4,Parcel,Critical,North,Central,164.37,1.0045579769444437,1
DL00773,O00080,D101,V050,H03,2025-11-13 05:00:00,2025-11-13 09:21:31.940911,OnTime,19.65,0,0,3.41,11.72,0,4.358872475277778,0,4,Parcel,Medium,South,South,135.71,0.3588724752777779,1
DL00774,O01180,D049,V032,H02,2024-09-07 21:42:00,2024-09-08 11:19:33.834567,Delayed,26.83,1,0,4.21,12.3,0,13.6260651575,0,2,Passenger,High,Airport,Central,109.31,11.6260651575,1
DL00775,O00153,D109,V040,H05,2025-02-09 09:08:00,2025-02-10 21:51:56.051970,Delayed,3.69,0,1,2.36,14.94,0,36.732236658333335,0,24,Parcel,Low,North,Airport,33.01,12.732236658333335,1
DL00776,O00383,D036,V069,H02,2024-11-19 17:12:00,2024-11-19 15:56:11.367810,OnTime,15.59,0,0,4.41,14.25,0,-1.2635089416666667,1,4,Retail,Critical,West,East,109.08,0.0,0
DL00777,O00316,D064,V088,H05,2025-07-31 14:43:00,2025-07-31 20:19:26.952510,OnTime,13.91,0,0,3.58,13.71,0,5.607486808333333,0,6,Medical,Low,West,West,53.63,0.0,0
DL00778,O00965,D143,V005,H08,2024-09-28 17:43:00,2024-09-29 14:06:23.080609,Failed,18.34,3,0,2.96,12.7,0,20.38974461361111,0,6,Passenger,Low,East,North,76.97,14.38974461361111,1
DL00779,O01146,D127,V048,H08,2025-11-17 05:21:00,2025-11-17 11:08:16.099967,OnTime,6.04,1,0,4.27,15.07,0,5.7878055463888884,0,6,Business,High,South,East,61.63,0.0,0
DL00780,O01202,D155,V040,H01,2024-11-14 16:31:00,2024-11-14 23:40:12.695034,OnTime,12.72,0,0,3.64,15.59,0,7.153526398333334,0,6,Retail,Medium,East,North,65.73,1.1535263983333337,1
DL00781,O00871,D082,V092,H02,2025-12-24 06:28:00,2025-12-25 04:08:15.868710,Failed,11.59,0,0,4.6,17.88,0,21.671074641666664,0,6,Parcel,High,Riverside,North,46.35,15.671074641666664,1
DL00782,O00602,D019,V030,H07,2025-12-11 11:15:00,2025-12-12 05:39:43.350189,Delayed,16.3,0,0,3.47,13.54,0,18.412041719166666,0,6,Passenger,Medium,Central,Airport,127.09,12.412041719166666,1
DL00783,O00380,D099,V015,H07,2025-02-20 00:44:00,2025-02-20 20:49:44.816047,Failed,8.95,2,1,1.67,16.86,0,20.095782235277778,0,6,Passenger,Low,North,North,95.96,14.095782235277778,1
DL00784,O00073,D095,V039,H05,2025-03-31 05:10:00,2025-04-01 01:01:35.158033,Delayed,5.24,0,1,2.29,13.26,0,19.85976612027778,0,4,Passenger,High,Central,South,30.82,15.85976612027778,1
DL00785,O00726,D099,V031,H01,2024-02-05 00:29:00,2024-02-05 02:55:03.780804,OnTime,18.6,1,0,4.22,17.03,0,2.4343835566666665,0,4,Retail,Medium,Airport,Airport,59.57,0.0,0
DL00786,O00232,D083,V088,H06,2025-06-05 22:06:00,2025-06-06 00:04:10.671933,OnTime,15.42,0,0,5.0,14.69,0,1.9696310924999998,0,6,Retail,Medium,Riverside,Central,122.94,0.0,0
DL00787,O00102,D159,V071,H06,2024-05-22 00:18:00,2024-05-22 00:52:19.834138,OnTime,11.22,3,0,4.01,9.72,0,0.5721761494444445,0,2,Passenger,High,Central,North,146.42,0.0,0
DL00788,O00927,D108,V058,H05,2025-05-07 05:03:00,2025-05-08 00:15:39.140252,Failed,10.39,0,0,4.32,19.57,0,19.21087229222222,0,6,Medical,Medium,North,West,76.32,13.21087229222222,1
DL00789,O00536,D103,V031,H06,2025-11-03 11:23:00,2025-11-04 12:13:51.444514,Failed,15.28,3,1,3.03,11.56,0,24.84762347611111,0,12,Medical,Low,West,Central,204.12,12.84762347611111,1
DL00790,O00628,D170,V039,H08,2024-10-26 12:51:00,2024-10-27 03:56:55.676864,Delayed,12.25,0,1,3.68,5.21,0,15.098799128888889,0,12,Passenger,Medium,Riverside,North,52.85,3.0987991288888885,1
DL00791,O01047,D085,V116,H01,2025-11-10 17:11:00,2025-11-10 20:04:01.891025,OnTime,21.48,1,0,4.67,22.23,0,2.8838586180555557,0,4,Parcel,High,West,Riverside,32.59,0.0,0
DL00792,O00033,D106,V094,H08,2025-12-30 21:39:00,2025-12-31 14:37:51.118085,Failed,14.69,1,0,3.2,16.8,0,16.980866134722223,0,6,Retail,Low,North,East,36.7,10.980866134722223,1
DL00793,O00095,D119,V043,H03,2025-05-15 14:55:00,2025-05-16 13:44:08.347336,OnTime,17.36,2,0,4.7,14.29,0,22.81898537111111,0,24,Medical,Low,South,North,103.06,0.0,0
DL00794,O00265,D052,V079,H04,2024-05-19 02:54:00,2024-05-19 08:03:52.670590,Delayed,12.37,1,0,1.76,17.61,0,5.164630719444445,0,4,Parcel,Medium,Riverside,South,20.51,1.1646307194444452,1
DL00795,O00151,D068,V062,H05,2025-03-02 11:55:00,2025-03-02 16:00:58.681244,OnTime,2.99,0,0,4.03,9.67,0,4.099633678888889,0,4,Retail,Medium,West,East,179.57,0.09963367888888897,1
DL00796,O00860,D139,V098,H05,2024-04-26 22:58:00,2024-04-26 23:15:49.272884,OnTime,19.21,2,0,4.08,14.76,0,0.29702024555555556,0,2,Medical,Medium,East,South,292.33,0.0,0
DL00797,O00894,D138,V066,H01,2024-01-15 01:08:00,2024-01-15 04:42:43.941796,Delayed,11.19,1,0,3.85,5.56,0,3.578872721111111,0,2,Parcel,Low,East,Airport,114.94,1.5788727211111109,1
DL00798,O00850,D046,V073,H07,2024-07-31 22:19:00,2024-08-01 02:44:15.525375,OnTime,12.93,2,0,4.63,14.15,0,4.4209792708333335,0,6,Parcel,High,West,East,24.48,0.0,0
DL00799,O01233,D125,V103,H04,2024-04-25 19:34:00,,OnTime,11.72,1,0,4.41,9.63,1,,0,4,Retail,High,West,South,51.7,0.0,0
DL00800,O01147,D001,V008,H02,2024-04-20 00:58:00,2024-04-20 13:46:46.149267,Delayed,10.59,1,0,3.41,13.12,0,12.812819240833333,0,2,Retail,Low,South,South,149.49,10.812819240833333,1
DL00801,O00463,D151,V118,H07,2025-02-20 02:40:00,2025-02-20 04:53:27.043106,OnTime,12.81,0,0,3.78,18.21,0,2.2241786405555555,0,2,Medical,Low,East,Central,96.83,0.22417864055555548,1
DL00802,O00691,D092,V086,H08,2024-11-18 03:56:00,2024-11-18 14:22:24.207063,OnTime,11.27,0,0,3.79,9.97,0,10.4400575175,0,12,Retail,High,North,East,231.13,0.0,0
DL00803,O00368,D080,V093,H05,2024-12-05 00:47:00,2024-12-05 02:50:15.142329,OnTime,13.02,3,0,3.98,12.99,0,2.0542062025,0,4,Business,High,Central,North,89.38,0.0,0
DL00804,O00015,D052,V097,H03,2025-11-09 05:43:00,2025-11-09 09:20:46.099682,OnTime,9.3,1,0,3.94,9.13,0,3.629472133888889,0,6,Business,High,South,East,145.58,0.0,0
DL00805,O00215,D033,V057,H07,2024-01-07 12:44:00,2024-01-07 11:01:00.000000,OnTime,16.4,2,0,4.73,9.99,0,-1.7166666666666666,1,1,Business,Medium,West,West,84.03,0.0,0
DL00806,O00128,D117,V108,H07,2025-12-28 14:40:00,2025-12-30 04:18:53.684717,Delayed,40.11,2,1,2.68,24.27,0,37.64824575472222,0,24,Medical,Medium,Airport,Airport,136.66,13.648245754722218,1
DL00807,O00089,D103,V061,H05,2025-04-24 20:33:00,2025-04-25 04:18:13.985090,Failed,1.2,2,0,2.8,8.46,0,7.753884747222222,0,6,Medical,High,South,North,52.58,1.753884747222222,1
DL00808,O00993,D055,V009,H04,2025-06-07 23:43:00,2025-06-08 22:37:54.973798,OnTime,10.76,1,0,4.77,9.73,0,22.915270499444446,0,24,Passenger,High,East,North,51.85,0.0,0
DL00809,O01071,D043,V051,H05,2025-02-27 00:21:00,2025-02-27 16:48:45.890797,Delayed,13.21,1,1,4.41,16.54,0,16.46274744361111,0,12,Retail,Medium,South,East,97.8,4.462747443611111,1
DL00810,O00116,D120,V053,H08,2025-03-09 16:49:00,2025-03-09 19:25:36.988970,OnTime,15.23,0,0,5.0,11.22,0,2.610274713888889,0,4,Passenger,Low,North,Airport,56.59,0.0,0
DL00811,O00404,D160,V082,H01,2025-10-17 23:22:00,2025-10-17 21:59:16.160742,OnTime,8.18,0,0,3.16,10.81,0,-1.3788442383333332,1,1,Passenger,Medium,South,Airport,213.39,0.0,0
DL00812,O01016,D073,V059,H02,2024-06-04 00:55:00,2024-06-04 05:47:54.997877,OnTime,23.74,4,0,5.0,11.75,0,4.8819438547222225,0,6,Retail,High,Airport,South,76.82,0.0,0
DL00813,O00869,D144,V045,H01,2024-02-26 07:08:00,2024-02-26 06:52:48.604826,OnTime,14.17,0,0,3.56,13.63,0,-0.2531653261111111,1,4,Parcel,Medium,Central,Riverside,59.8,0.0,0
DL00814,O00471,D123,V060,H04,2025-06-07 15:06:00,2025-06-07 20:22:06.341483,OnTime,8.94,0,0,3.81,12.08,0,5.268428189722222,0,6,Passenger,Medium,East,Airport,69.38,0.0,0
DL00815,O00771,D134,V119,H03,2025-07-27 23:16:00,2025-07-28 07:38:20.534602,Delayed,13.86,0,0,2.94,18.01,0,8.372370722777777,0,6,Passenger,High,East,West,32.94,2.3723707227777773,1
DL00816,O00857,D017,V047,H05,2025-05-20 21:07:00,2025-05-20 20:41:43.617855,OnTime,1.2,1,0,3.44,13.41,0,-0.4212172625,1,1,Retail,High,Central,West,140.14,0.0,0
DL00817,O00356,D097,V078,H01,2025-05-27 05:41:00,2025-05-27 07:33:29.622512,OnTime,10.07,0,0,3.25,17.74,0,1.8748951422222222,0,4,Medical,Medium,Riverside,Airport,64.6,0.0,0
DL00818,O01000,D035,V120,H07,2025-11-15 22:28:00,2025-11-16 03:01:40.812667,OnTime,35.25,1,0,5.0,23.18,0,4.561336851944444,0,6,Retail,Medium,Airport,West,59.9,0.0,0
DL00819,O00892,D142,V025,H03,2025-10-08 03:49:00,2025-10-08 10:54:14.928868,Delayed,32.56,2,0,3.2,17.18,0,7.087480241111111,0,2,Passenger,Medium,Airport,Airport,326.38,5.087480241111111,1
DL00820,O01192,D069,V030,H05,2024-12-13 17:39:00,2024-12-14 01:45:53.860264,Delayed,30.97,2,0,3.07,21.48,0,8.114961184444445,0,2,Business,Medium,Airport,Central,79.83,6.114961184444445,1
DL00821,O00424,D074,V080,H07,2025-07-11 10:13:00,2025-07-11 21:18:17.587417,OnTime,1.9,4,0,3.85,9.03,0,11.088218726944445,0,12,Business,Medium,Riverside,West,43.18,0.0,0
DL00822,O00109,D084,V032,H03,2025-10-24 13:25:00,2025-10-24 16:28:58.560868,OnTime,6.47,1,0,3.13,12.84,0,3.066266907777778,0,4,Medical,Medium,West,East,9.68,0.0,0
DL00823,O00655,D104,V114,H08,2025-11-01 16:20:00,2025-11-02 05:35:54.325407,Failed,9.55,1,0,1.91,8.94,0,13.265090390833333,0,4,Passenger,Low,South,East,52.51,9.265090390833333,1
DL00824,O00369,D036,V080,H02,2024-10-02 13:42:00,2024-10-03 02:44:49.779290,Failed,10.19,2,0,4.45,7.81,0,13.047160913888888,0,6,Business,Medium,Central,Riverside,70.75,7.047160913888888,1
DL00825,O01004,D147,V007,H05,2024-09-21 20:08:00,2024-09-22 02:23:36.861233,Failed,11.9,0,0,2.26,21.03,0,6.260239231388889,0,2,Retail,High,Central,Airport,98.19,4.260239231388889,1
DL00826,O01087,D089,V021,H01,2025-12-14 08:53:00,2025-12-14 12:01:02.924988,OnTime,24.56,1,0,3.83,14.2,0,3.13414583,0,1,Parcel,Low,Airport,West,116.34,2.13414583,1
DL00827,O00079,D065,V030,H01,2025-03-10 06:56:00,2025-03-10 07:06:19.807951,OnTime,16.9,2,0,4.87,11.29,0,0.17216887527777777,0,2,Parcel,Medium,West,Airport,48.85,0.0,0
DL00828,O00879,D119,V069,H07,2025-07-04 02:40:00,2025-07-04 03:08:31.719036,OnTime,8.27,0,0,4.79,14.23,0,0.47547751,0,4,Medical,Low,South,West,123.72,0.0,0
DL00829,O00426,D101,V008,H03,2024-09-28 15:10:00,2024-09-28 16:18:55.493540,OnTime,7.91,2,0,3.83,6.45,0,1.1487482055555556,0,2,Business,Low,Riverside,Riverside,82.0,0.0,0
DL00830,O01114,D164,V071,H01,2024-12-14 00:50:00,2024-12-13 23:09:00.000000,OnTime,11.1,2,0,4.33,10.17,0,-1.6833333333333333,1,1,Passenger,Medium,Riverside,East,94.52,0.0,0
DL00831,O00023,D133,V053,H08,2025-10-05 05:51:00,2025-10-06 04:17:27.447541,Failed,15.56,0,1,2.38,10.87,0,22.440957650277777,0,4,Passenger,Medium,North,North,122.25,18.440957650277777,1
DL00832,O01143,D083,V109,H06,2025-06-16 02:45:00,2025-06-16 13:02:41.765284,Failed,18.52,0,0,4.27,13.94,0,10.294934801111111,0,2,Retail,Low,Riverside,East,217.11,8.294934801111111,1
DL00833,O00712,D169,V106,H04,2025-05-26 11:52:00,2025-05-26 14:09:55.922884,OnTime,16.28,0,0,4.22,17.55,0,2.298867467777778,0,2,Passenger,High,North,West,105.64,0.29886746777777784,1
DL00834,O01165,D022,V099,H02,2025-12-13 07:00:00,2025-12-13 12:03:16.927322,OnTime,15.51,2,0,4.58,9.85,0,5.054702033888889,0,6,Passenger,Low,East,West,118.02,0.0,0
DL00835,O00188,D096,V005,H05,2025-09-09 04:34:00,2025-09-09 17:10:45.169556,Delayed,13.48,1,0,2.68,14.25,0,12.61254709888889,0,4,Passenger,Medium,Riverside,Central,138.45,8.61254709888889,1
DL00836,O00206,D095,V057,H01,2025-12-10 16:47:00,,Failed,6.64,1,0,2.74,9.53,1,,0,4,Parcel,Low,South,East,20.86,0.0,0
DL00837,O01092,D052,V074,H03,2025-12-10 15:10:00,2025-12-10 21:02:34.959459,OnTime,5.31,0,0,3.76,9.42,0,5.8763776275,0,6,Passenger,Low,North,East,97.48,0.0,0
DL00838,O00909,D117,V103,H03,2025-01-05 03:05:00,2025-01-06 10:48:03.226335,Failed,14.62,1,1,2.31,20.66,0,31.717562870833333,0,12,Business,High,North,East,117.13,19.717562870833333,1
DL00839,O00566,D078,V096,H03,2024-04-07 01:03:00,2024-04-07 13:40:24.565912,Failed,7.89,2,1,1.65,11.74,0,12.623490531111111,0,6,Parcel,Medium,Central,Central,97.68,6.623490531111111,1
DL00840,O01162,D102,V106,H04,2025-06-09 11:40:00,2025-06-09 11:15:00.000000,OnTime,7.84,0,0,4.18,13.23,0,-0.4166666666666667,1,2,Passenger,Medium,Riverside,East,89.31,0.0,0
DL00841,O00733,D006,V068,H02,2024-08-06 08:40:00,2024-08-06 11:32:19.398363,OnTime,15.77,1,0,3.39,11.44,0,2.8720551008333333,0,6,Passenger,Medium,Airport,West,161.44,0.0,0
DL00842,O00405,D102,V114,H07,2024-02-14 12:17:00,2024-02-14 16:30:15.173103,OnTime,5.55,1,0,3.88,8.89,0,4.220881417499999,0,6,Business,Critical,Central,Riverside,142.88,0.0,0
DL00843,O00804,D138,V012,H05,2024-03-13 10:34:00,2024-03-14 09:16:16.175948,OnTime,17.19,1,0,4.66,12.85,0,22.70449331888889,0,24,Parcel,Medium,Central,Riverside,278.77,0.0,0
DL00844,O00991,D168,V093,H03,2025-01-03 18:00:00,2025-01-03 17:49:34.887899,OnTime,10.66,1,0,4.63,20.41,0,-0.1736422502777778,1,4,Business,High,East,Central,61.06,0.0,0
DL00845,O01218,D162,V047,H05,2025-03-15 04:24:00,2025-03-15 06:23:14.327139,OnTime,32.79,2,0,4.64,13.5,0,1.9873130941666666,0,4,Retail,Medium,Airport,North,101.68,0.0,0
DL00846,O01118,D038,V004,H03,2024-02-26 19:54:00,2024-02-26 23:58:17.438286,OnTime,17.64,0,0,4.01,17.89,0,4.071510635,0,4,Passenger,High,West,West,65.93,0.0715106350000001,1
DL00847,O00134,D154,V035,H07,2024-12-22 18:38:00,2024-12-22 23:50:09.870311,OnTime,1.46,0,0,4.09,7.98,0,5.202741753055555,0,4,Parcel,Critical,South,West,23.34,1.2027417530555553,1
DL00848,O00633,D080,V091,H08,2024-02-12 13:23:00,2024-02-12 14:55:42.792793,OnTime,20.03,3,0,3.93,10.97,0,1.5452202202777776,0,2,Passenger,Low,Airport,Central,79.57,0.0,0
DL00849,O00169,D160,V016,H08,2025-12-03 14:32:00,2025-12-03 15:00:07.363494,OnTime,8.52,2,0,4.31,13.73,0,0.46871208166666667,0,4,Retail,Medium,East,North,84.09,0.0,0
DL00850,O00444,D060,V055,H05,2025-08-30 19:20:00,2025-08-30 22:59:39.779090,OnTime,4.26,4,0,4.32,8.71,0,3.661049747222222,0,4,Retail,Medium,West,Airport,23.99,0.0,0
DL00851,O01022,D141,V053,H04,2024-03-16 17:31:00,2024-03-17 21:55:48.709700,Delayed,2.38,0,0,3.21,3.58,0,28.413530472222224,0,24,Retail,Medium,East,South,43.98,4.413530472222224,1
DL00852,O00974,D013,V052,H03,2025-06-11 01:17:00,2025-06-11 03:21:30.595833,OnTime,15.52,1,0,4.65,18.68,0,2.0751655091666668,0,4,Retail,Medium,East,Riverside,74.02,0.0,0
DL00853,O00178,D073,V086,H01,2024-03-30 21:03:00,2024-03-31 00:39:18.302077,OnTime,12.77,3,0,4.19,15.35,0,3.6050839102777776,0,4,Medical,Low,East,South,55.9,0.0,0
DL00854,O00954,D099,V055,H04,2024-07-14 03:27:00,2024-07-14 08:39:46.310886,Delayed,7.05,0,1,3.2,11.41,0,5.212864135,0,4,Passenger,Critical,South,South,62.7,1.2128641350000002,1
DL00855,O00409,D154,V076,H08,2025-01-08 12:04:00,2025-01-09 09:15:54.067994,Delayed,7.29,0,0,3.36,13.69,0,21.198352220555556,0,6,Passenger,Medium,South,North,38.48,15.198352220555556,1
DL00856,O00223,D087,V083,H03,2025-08-10 18:09:00,2025-08-10 20:02:42.287729,OnTime,4.19,3,0,3.82,7.91,0,1.895079924722222,0,4,Retail,High,Central,Airport,178.85,0.0,0
DL00857,O00292,D050,V045,H05,2025-10-29 18:17:00,2025-10-30 10:11:21.327276,Delayed,11.07,2,0,2.72,10.06,0,15.905924243333335,0,12,Parcel,Medium,Central,West,59.59,3.9059242433333345,1
DL00858,O01075,D099,V007,H08,2024-06-26 10:08:00,2024-06-26 09:44:24.109661,OnTime,9.72,1,0,4.34,16.21,0,-0.39330287194444447,1,2,Passenger,High,East,Airport,181.2,0.0,0
DL00859,O00512,D164,V052,H05,2024-09-21 11:04:00,2024-09-21 23:34:35.779917,Delayed,24.2,0,1,5.0,13.25,0,12.509938865833334,0,4,Parcel,Critical,North,Central,10.74,8.509938865833334,1
DL00860,O00280,D026,V027,H07,2025-09-21 00:35:00,2025-09-21 13:59:07.662772,OnTime,10.9,0,0,4.76,14.97,0,13.402128547777778,0,12,Passenger,Critical,East,Airport,151.49,1.402128547777778,1
DL00861,O00381,D056,V094,H05,2024-11-29 00:04:00,2024-11-29 21:39:14.831680,OnTime,18.99,0,0,4.91,16.77,0,21.587453244444447,0,24,Parcel,Low,East,West,67.67,0.0,0
DL00862,O00031,D165,V037,H01,2024-10-25 04:57:00,2024-10-26 09:32:20.877141,Failed,8.4,1,0,1.41,9.28,0,28.589132539166666,0,24,Passenger,Medium,East,Airport,55.14,4.589132539166666,1
DL00863,O00597,D044,V030,H01,2025-01-09 13:40:00,2025-01-09 20:09:19.733033,OnTime,16.47,2,0,3.51,14.48,0,6.488814731388889,0,6,Parcel,High,North,North,169.18,0.48881473138888865,1
DL00864,O00818,D135,V076,H06,2025-10-27 16:02:00,2025-10-27 17:01:23.863641,OnTime,11.68,0,0,3.14,18.27,0,0.9899621224999999,0,1,Business,Medium,Riverside,North,82.82,0.0,0
DL00865,O00338,D148,V042,H01,2024-12-26 06:10:00,2024-12-26 11:25:57.005387,OnTime,7.72,0,0,3.6,16.7,0,5.265834829722222,0,6,Passenger,Medium,Riverside,Riverside,38.31,0.0,0
DL00866,O00969,D096,V041,H02,2024-10-14 22:32:00,2024-10-14 23:02:29.771193,OnTime,5.1,0,0,5.0,15.22,0,0.5082697758333333,0,2,Parcel,High,North,Riverside,36.75,0.0,0
DL00867,O01117,D089,V079,H02,2025-06-20 01:47:00,2025-06-20 03:09:47.164152,OnTime,23.28,4,0,3.45,11.6,0,1.37976782,0,6,Parcel,High,Airport,East,59.12,0.0,0
DL00868,O00452,D104,V100,H04,2025-11-27 11:55:00,2025-11-28 00:09:06.530401,Failed,6.57,1,0,3.69,18.09,0,12.235147333611112,0,2,Passenger,Medium,Central,Central,56.63,10.235147333611112,1
DL00869,O00038,D118,V119,H05,2025-10-06 20:46:00,2025-10-06 21:44:16.662558,OnTime,9.15,2,0,5.0,10.32,0,0.971295155,0,2,Retail,Medium,Riverside,East,168.48,0.0,0
DL00870,O00650,D078,V110,H03,2025-09-30 12:39:00,2025-09-30 14:21:55.742656,OnTime,24.94,2,0,3.8,14.11,0,1.7154840711111112,0,6,Parcel,Low,Riverside,Airport,39.65,0.0,0
DL00871,O00715,D037,V047,H01,2025-06-17 16:20:00,2025-06-17 21:03:48.121999,OnTime,9.43,0,0,4.03,16.6,0,4.730033888611111,0,6,Medical,Critical,Riverside,North,125.92,0.0,0
DL00872,O00144,D120,V001,H03,2025-11-03 22:12:00,2025-11-04 05:41:26.643035,Delayed,15.53,1,0,3.54,11.71,0,7.490734176388889,0,4,Business,High,Riverside,Central,288.86,3.490734176388889,1
DL00873,O00401,D049,V107,H07,2024-06-22 12:48:00,2024-06-23 10:19:08.707674,OnTime,10.68,0,0,3.77,10.34,0,21.519085465,0,24,Medical,Low,East,Airport,28.61,0.0,0
DL00874,O01012,D006,V088,H02,2025-03-08 05:38:00,2025-03-08 16:05:25.585889,Delayed,10.15,0,1,2.81,12.54,0,10.45710719138889,0,1,Retail,Critical,Riverside,Central,99.1,9.45710719138889,1
DL00875,O00189,D018,V052,H06,2025-11-22 08:49:00,2025-11-22 15:14:04.034420,OnTime,11.7,0,0,4.44,11.84,0,6.417787338888889,0,4,Parcel,Low,North,North,14.46,2.417787338888889,1
DL00876,O00609,D161,V035,H04,2024-09-15 07:47:00,2024-09-15 19:49:21.706357,OnTime,5.01,0,0,4.72,14.22,0,12.039362876944445,0,12,Parcel,Low,East,East,71.86,0.039362876944444736,1
DL00877,O01193,D061,V087,H04,2025-04-18 00:35:00,2025-04-18 07:54:09.214237,OnTime,4.93,0,0,4.08,10.71,0,7.319226176944444,0,6,Medical,Medium,East,Central,11.71,1.3192261769444444,1
DL00878,O00629,D164,V016,H06,2024-10-04 07:36:00,2024-10-04 09:57:13.852551,OnTime,5.77,0,0,4.7,10.43,0,2.353847930833333,0,6,Retail,Low,Riverside,South,55.3,0.0,0
DL00879,O00139,D033,V013,H02,2025-09-15 19:42:00,2025-09-16 03:58:23.662269,Delayed,9.42,1,1,3.94,10.97,0,8.273239519166667,0,2,Retail,High,West,Airport,4.22,6.273239519166667,1
DL00880,O00273,D047,V098,H04,2025-02-28 02:41:00,2025-03-01 01:58:54.611942,OnTime,7.39,0,0,4.49,9.91,0,23.298503317222224,0,24,Retail,Medium,Central,West,16.14,0.0,0
DL00881,O00632,D127,V032,H01,2024-08-09 22:03:00,2024-08-10 04:52:23.207494,Delayed,12.77,5,1,3.32,11.86,0,6.823113192777777,0,1,Passenger,High,Central,Central,33.21,5.823113192777777,1
DL00882,O01151,D039,V036,H03,2024-06-26 13:58:00,2024-06-27 02:26:43.512371,OnTime,3.86,0,0,4.76,7.4,0,12.478753436388889,0,12,Retail,Medium,South,North,94.09,0.4787534363888888,1
DL00883,O00917,D101,V077,H02,2024-04-07 15:38:00,2024-04-08 07:05:34.617010,Delayed,11.42,0,1,2.31,14.58,0,15.459615836111112,0,6,Retail,Low,Central,Central,30.8,9.459615836111112,1
DL00884,O00407,D056,V105,H01,2025-02-23 07:26:00,2025-02-23 18:31:02.305838,OnTime,12.58,1,0,4.81,14.99,0,11.08397384388889,0,12,Medical,High,West,Central,189.02,0.0,0
DL00885,O00675,D126,V073,H06,2024-02-19 20:14:00,2024-02-20 19:38:10.153872,OnTime,15.92,0,0,4.37,16.87,0,23.40282052,0,24,Business,Low,Riverside,North,47.44,0.0,0
DL00886,O00968,D050,V094,H02,2024-11-21 05:45:00,2024-11-21 17:49:42.646868,Delayed,1.2,2,0,3.45,10.2,0,12.07851301888889,0,12,Business,Medium,South,Central,76.41,0.07851301888888962,1
DL00887,O00577,D155,V097,H02,2025-06-09 23:14:00,2025-06-10 01:19:26.467155,OnTime,29.9,0,0,4.18,18.94,0,2.0906853208333334,0,2,Parcel,High,Airport,East,16.62,0.09068532083333336,1
DL00888,O01129,D055,V027,H07,2025-03-23 16:39:00,2025-03-24 16:16:34.620357,Failed,11.78,2,0,3.61,7.64,0,23.626283432500003,0,6,Medical,Low,North,Airport,139.29,17.626283432500003,1
DL00889,O01172,D105,V002,H08,2024-09-17 20:42:00,2024-09-18 08:31:55.588869,Failed,7.09,0,1,4.37,11.81,0,11.832108019166666,0,4,Medical,Medium,North,Riverside,111.98,7.832108019166666,1
DL00890,O00384,D103,V020,H03,2024-01-01 16:28:00,2024-01-02 02:33:42.522654,Delayed,9.61,0,0,3.51,9.44,0,10.095145181666666,0,4,Medical,Low,Central,Central,12.58,6.095145181666666,1
DL00891,O00963,D013,V077,H07,2025-06-06 13:03:00,2025-06-07 11:56:40.215906,OnTime,9.94,0,0,4.61,14.44,0,22.894504418333334,0,24,Medical,Medium,North,East,30.53,0.0,0
DL00892,O00392,D163,V115,H07,2025-11-24 12:15:00,2025-11-24 14:18:34.201194,OnTime,9.31,1,0,4.42,14.7,0,2.059500331666667,0,6,Retail,Medium,East,Riverside,73.04,0.0,0
DL00893,O00981,D062,V023,H05,2025-01-11 23:09:00,2025-01-13 08:12:13.529331,Delayed,25.18,1,0,4.52,10.11,0,33.0537581475,0,24,Medical,High,Airport,Riverside,107.45,9.053758147499998,1
DL00894,O00724,D094,V120,H06,2025-11-18 10:15:00,2025-11-18 22:57:13.153771,Delayed,25.57,0,0,2.58,20.64,0,12.703653825277778,0,4,Passenger,Low,Airport,North,98.05,8.703653825277778,1
DL00895,O01157,D068,V023,H07,2024-07-08 22:06:00,2024-07-08 20:56:21.355704,OnTime,17.68,1,0,4.43,9.26,0,-1.1607345266666669,1,1,Parcel,High,Riverside,East,123.37,0.0,0
DL00896,O00177,D042,V023,H06,2025-12-25 05:07:00,2025-12-25 09:26:55.150084,OnTime,11.26,1,0,4.39,12.49,0,4.331986134444445,0,6,Passenger,Low,North,West,109.36,0.0,0
DL00897,O00672,D084,V043,H07,2025-01-04 00:01:00,2025-01-04 23:54:43.323541,OnTime,33.64,2,0,4.06,29.43,0,23.89536765027778,0,24,Retail,High,Airport,Riverside,20.28,0.0,0
DL00898,O00283,D088,V047,H07,2024-05-26 17:54:00,2024-05-27 03:34:21.672952,Delayed,10.44,3,0,3.85,17.21,0,9.67268693111111,0,6,Business,Medium,North,West,177.07,3.6726869311111106,1
DL00899,O00549,D129,V040,H08,2025-08-14 11:47:00,2025-08-14 19:36:01.656848,OnTime,5.78,2,0,3.72,9.14,0,7.817126902222222,0,6,Business,Medium,East,West,86.89,1.8171269022222223,1
DL00900,O00199,D039,V053,H07,2024-10-02 14:11:00,2024-10-03 02:06:29.294093,OnTime,12.4,0,0,5.0,8.44,0,11.92480391472222,0,12,Retail,High,North,North,62.65,0.0,0
DL00901,O00730,D099,V067,H05,2025-09-19 11:31:00,2025-09-19 09:28:50.058935,OnTime,13.94,1,0,3.7,13.05,0,-2.0360947402777776,1,1,Retail,High,East,East,112.07,0.0,0
DL00902,O00018,D015,V047,H06,2024-03-08 23:03:00,2024-03-09 02:59:39.833152,OnTime,17.27,0,0,5.0,12.37,0,3.9443980977777775,0,6,Passenger,High,North,Riverside,121.11,0.0,0
DL00903,O00130,D130,V051,H03,2024-01-11 00:41:00,2024-01-11 03:13:51.759410,OnTime,19.22,4,0,3.42,14.82,0,2.5477109472222224,0,6,Passenger,Medium,Central,Airport,77.97,0.0,0
DL00904,O01102,D160,V112,H04,2025-08-19 06:18:00,2025-08-19 09:41:36.852221,OnTime,32.81,0,0,4.79,16.84,0,3.3935700613888886,0,4,Passenger,Medium,Airport,West,81.39,0.0,0
DL00905,O01020,D028,V013,H04,2024-10-23 02:30:00,2024-10-23 11:04:29.734438,Delayed,30.71,1,0,3.81,18.26,0,8.574926232777777,0,2,Retail,High,Airport,South,77.64,6.574926232777777,1
DL00906,O01229,D168,V110,H08,2025-05-27 01:11:00,2025-05-27 09:44:29.154606,Failed,18.6,1,1,2.35,16.73,0,8.558098501666667,0,1,Passenger,Medium,East,Riverside,84.74,7.558098501666667,1
DL00907,O00884,D096,V103,H08,2024-04-17 02:46:00,2024-04-17 08:08:07.579546,OnTime,3.96,0,0,3.59,16.11,0,5.368772096111111,0,6,Parcel,Medium,Central,West,16.66,0.0,0
DL00908,O00145,D088,V042,H03,2024-11-02 11:50:00,2024-11-02 21:56:28.563587,OnTime,10.05,1,0,5.0,14.53,0,10.107934329722221,0,12,Business,Medium,North,Riverside,35.95,0.0,0
DL00909,O01204,D033,V001,H02,2025-08-13 17:56:00,2025-08-13 20:26:21.358387,Delayed,10.35,2,0,2.77,8.9,0,2.505932885277778,0,1,Passenger,Critical,East,Central,162.33,1.5059328852777778,1
DL00910,O01002,D071,V005,H04,2024-06-14 09:09:00,2024-06-14 22:29:41.070065,Delayed,26.61,1,0,4.05,16.25,0,13.344741684722223,0,12,Business,Medium,West,West,109.31,1.3447416847222229,1
DL00911,O00806,D004,V119,H01,2025-04-17 16:52:00,2025-04-18 01:40:49.580737,OnTime,13.69,0,0,4.33,14.98,0,8.813772426944444,0,12,Business,Medium,North,Central,100.44,0.0,0
DL00912,O00355,D011,V095,H02,2025-10-11 00:12:00,2025-10-11 15:59:08.940020,Delayed,21.47,2,0,3.69,9.33,0,15.785816672222223,0,4,Passenger,Medium,Riverside,Riverside,59.47,11.785816672222223,1
DL00913,O00239,D096,V081,H04,2024-05-18 06:34:00,2024-05-18 12:24:14.005035,OnTime,12.6,1,0,3.49,15.18,0,5.837223620833333,0,4,Parcel,Low,Central,Central,31.43,1.837223620833333,1
DL00914,O00270,D157,V006,H05,2025-10-26 17:01:00,2025-10-26 17:58:50.299137,OnTime,10.96,0,0,4.41,15.03,0,0.9639719825,0,4,Business,Medium,West,Central,140.61,0.0,0
DL00915,O00873,D004,V047,H03,2024-11-28 13:17:00,2024-11-28 17:51:16.689113,OnTime,9.84,0,0,3.99,16.74,0,4.571302531388889,0,6,Parcel,High,North,South,106.49,0.0,0
DL00916,O01100,D036,V049,H03,2025-08-01 15:41:00,2025-08-01 15:52:41.636010,OnTime,22.62,1,0,4.95,17.14,0,0.19489889166666668,0,4,Business,High,Airport,East,41.49,0.0,0
DL00917,O00700,D077,V102,H05,2024-01-13 04:19:00,2024-01-13 07:59:11.863044,OnTime,12.76,0,0,4.06,9.47,0,3.6699619566666666,0,4,Passenger,Medium,West,West,110.49,0.0,0
DL00918,O00645,D097,V086,H08,2024-12-26 21:17:00,2024-12-27 04:43:50.631471,OnTime,10.63,1,0,4.21,10.43,0,7.447397630833334,0,6,Passenger,Medium,South,Central,82.91,1.4473976308333336,1
DL00919,O00763,D139,V097,H04,2025-12-26 20:25:00,2025-12-26 23:44:12.237781,OnTime,5.38,2,0,5.0,10.53,0,3.3200660502777777,0,4,Retail,Low,East,Airport,154.35,0.0,0
DL00920,O00686,D133,V034,H03,2025-01-05 15:05:00,2025-01-06 12:10:59.396753,Failed,5.08,1,1,3.09,4.15,0,21.099832431388887,0,6,Retail,Medium,East,South,72.67,15.099832431388887,1
DL00921,O00332,D063,V108,H08,2025-01-04 02:49:00,2025-01-05 01:59:36.355790,Failed,6.36,0,0,2.34,9.47,0,23.176765497222224,0,12,Business,Medium,North,Riverside,93.33,11.176765497222224,1
DL00922,O00399,D112,V090,H07,2024-03-08 19:10:00,2024-03-08 22:43:49.202012,Delayed,12.65,5,1,3.39,14.07,0,3.5636672255555553,0,4,Parcel,Low,Central,Airport,30.74,0.0,0
DL00923,O00047,D071,V012,H03,2025-11-28 04:59:00,2025-11-28 05:50:08.491873,OnTime,19.03,0,0,4.7,16.28,0,0.8523588536111111,0,2,Medical,Medium,West,North,39.57,0.0,0
DL00924,O00717,D155,V027,H01,2024-12-12 23:23:00,2024-12-13 02:04:50.318852,OnTime,15.39,0,0,4.6,15.3,0,2.6973107922222224,0,4,Retail,Low,East,South,72.1,0.0,0
DL00925,O00003,D041,V100,H02,2025-09-02 16:59:00,2025-09-03 01:50:39.644673,Delayed,13.04,2,0,3.7,13.16,0,8.861012409166666,0,4,Passenger,High,West,Airport,33.5,4.8610124091666655,1
DL00926,O00574,D031,V046,H03,2024-05-03 03:01:00,2024-05-03 07:58:56.374915,OnTime,14.82,2,0,4.64,15.12,0,4.965659698611111,0,6,Retail,Medium,Riverside,North,59.99,0.0,0
DL00927,O00335,D152,V077,H01,2024-01-26 03:48:00,2024-01-27 03:24:27.480673,OnTime,5.36,0,0,5.0,13.63,0,23.607633520277776,0,24,Passenger,High,North,Airport,227.61,0.0,0
DL00928,O00100,D023,V101,H05,2025-10-30 22:51:00,2025-10-31 19:39:28.294586,Failed,12.72,0,1,3.15,21.6,0,20.807859607222223,0,6,Passenger,Medium,Riverside,North,23.64,14.807859607222223,1
DL00929,O00935,D033,V090,H05,2024-09-14 12:29:00,2024-09-15 02:01:45.028410,OnTime,15.41,0,0,4.51,15.11,0,13.545841225,0,12,Parcel,High,East,East,132.13,1.5458412250000002,1
DL00930,O00586,D016,V022,H07,2024-03-31 08:04:00,2024-03-31 20:40:39.951924,OnTime,9.03,0,0,4.325,9.23,0,12.611097756666666,0,12,Parcel,Critical,Central,West,31.49,0.6110977566666662,1
DL00931,O01171,D006,V062,H08,2024-12-18 03:47:00,2024-12-18 21:24:20.480256,Failed,16.08,1,0,2.2,13.75,0,17.622355626666668,0,6,Passenger,Medium,Riverside,Central,52.73,11.622355626666668,1
DL00932,O01225,D080,V082,H04,2025-12-27 03:21:00,2025-12-28 02:38:22.447557,OnTime,8.94,0,0,3.18,11.22,0,23.289568765833334,0,24,Parcel,High,North,Central,165.46,0.0,0
DL00933,O01133,D032,V009,H02,2025-12-23 12:04:00,2025-12-24 12:43:50.593770,OnTime,12.66,1,0,3.83,14.09,0,24.664053825000003,0,24,Parcel,Medium,East,West,8.61,0.6640538250000034,1
DL00934,O00775,D071,V080,H02,2024-03-05 11:50:00,2024-03-05 23:29:10.318105,OnTime,20.86,0,0,4.35,10.59,0,11.652866140277778,0,12,Business,High,Riverside,Central,94.46,0.0,0
DL00935,O00211,D107,V012,H08,2024-02-14 07:33:00,2024-02-14 20:00:31.291688,Failed,32.42,4,0,3.9,14.69,0,12.458692135555555,0,6,Business,Medium,Airport,East,43.29,6.458692135555555,1
DL00936,O00372,D087,V098,H03,2025-01-29 15:05:00,2025-01-29 14:49:44.580725,OnTime,5.84,2,0,4.74,11.21,0,-0.25428313194444446,1,2,Parcel,Low,South,Riverside,57.99,0.0,0
DL00937,O00001,D047,V090,H01,2024-08-20 16:29:00,2024-08-20 18:52:56.172161,OnTime,26.65,2,0,4.29,15.82,0,2.398936711388889,0,6,Passenger,Medium,Airport,South,126.65,0.0,0
DL00938,O01246,D132,V109,H03,2024-04-04 03:20:00,2024-04-04 10:45:58.482629,Failed,36.94,0,0,2.58,20.16,0,7.432911841388888,0,4,Business,Medium,Airport,North,60.45,3.432911841388888,1
DL00939,O00417,D007,V076,H01,2025-01-10 17:25:00,2025-01-10 21:08:01.948187,OnTime,1.2,0,0,4.17,11.3,0,3.717207829722222,0,4,Retail,Low,South,Riverside,113.56,0.0,0
DL00940,O00565,D133,V066,H04,2025-07-01 17:56:00,2025-07-01 23:29:07.302926,Delayed,16.19,1,0,2.58,7.05,0,5.5520285905555555,0,1,Parcel,Low,North,South,155.2,4.5520285905555555,1
DL00941,O00592,D125,V044,H03,2025-05-06 03:42:00,2025-05-06 06:05:21.290861,OnTime,13.31,1,0,3.8,13.15,0,2.3892474613888885,0,2,Business,Low,Riverside,East,220.79,0.38924746138888855,1
DL00942,O01112,D013,V027,H04,2024-09-24 04:28:00,2024-09-24 12:36:48.346377,Failed,12.99,1,0,4.06,16.82,0,8.146762882500001,0,2,Business,Critical,East,West,278.14,6.146762882500001,1
DL00943,O00967,D087,V082,H01,2024-03-17 17:18:00,2024-03-17 22:14:16.038008,OnTime,5.06,2,0,4.57,8.9,0,4.937788335555555,0,6,Business,Medium,North,West,50.8,0.0,0
DL00944,O00336,D009,V067,H06,2024-01-10 06:09:00,2024-01-10 10:20:19.874213,OnTime,16.01,2,0,4.04,12.32,0,4.188853948055555,0,6,Retail,Critical,West,Central,108.38,0.0,0
DL00945,O00197,D075,V074,H03,2025-01-24 05:04:00,2025-01-24 07:26:38.824570,OnTime,8.74,1,0,4.39,12.97,0,2.3774512694444447,0,2,Retail,Medium,North,East,175.96,0.37745126944444474,1
DL00946,O00982,D069,V058,H04,2025-10-28 08:18:00,2025-10-28 07:56:03.747535,OnTime,10.68,1,0,4.62,19.6,0,-0.36562568472222223,1,4,Parcel,Critical,East,North,131.9,0.0,0
DL00947,O01082,D129,V019,H04,2024-10-25 15:52:00,2024-10-26 13:23:40.712696,OnTime,10.8,0,0,4.13,11.79,0,21.52797574888889,0,24,Medical,Medium,Riverside,West,43.58,0.0,0
DL00948,O00863,D155,V111,H07,2025-09-17 19:05:00,2025-09-18 04:28:30.370370,OnTime,11.02,0,0,4.82,9.38,0,9.391769547222221,0,12,Passenger,Low,Riverside,West,29.36,0.0,0
DL00949,O01106,D060,V005,H02,2024-02-28 01:58:00,2024-02-28 10:58:31.708981,OnTime,11.36,0,0,4.05,20.13,0,9.008808050277779,0,12,Business,Medium,East,Central,22.49,0.0,0
DL00950,O00744,D024,V014,H02,2025-04-23 05:31:00,2025-04-23 09:48:21.154957,OnTime,15.82,0,0,3.8,16.73,0,4.2892097102777775,0,6,Retail,Low,East,Riverside,33.49,0.0,0
